Job Title,Company,Location,Description,Job Type,Salary,Job Link
Graphic Designer Specialist,Elsaba AutoService -,"New Cairo, Cairo, Egypt",Full TimeOn-siteExperienced · 2 - 4 Yrs of Exp · Creative/Design/Art · Marketing/PR/Advertising · Media/Journalism/Publishing · Graphic Design · Adobe Photoshop · AutoCAD · Microsoft Office · Adobe Illustrator · Design · Automotive,Full Time,Not specified,https://wuzzuf.nethttps://wuzzuf.net/jobs/p/F5WfdCtZyg9I-Graphic-Designer-Specialist-Elsaba-AutoService-Cairo-Egypt
Graphic Designer,Nobatia -,"Cairo, Egypt",Full TimeRemoteExperienced · 2 - 6 Yrs of Exp · Creative/Design/Art · Marketing/PR/Advertising · Media/Journalism/Publishing · Adobe Photoshop · Arts · Design · dreamweaver · Fine Arts · Graphic · Graphic Design,Full Time,Not specified,https://wuzzuf.nethttps://wuzzuf.net/jobs/p/py7GFHxJ9ydt-Graphic-Designer-Nobatia-Cairo-Egypt
Graphic Designer,Essence Adverts -,"Maadi, Cairo, Egypt",Full TimeOn-siteEntry Level · 1 - 3 Yrs of Exp · Creative/Design/Art · Marketing/PR/Advertising · Adobe illustrator · Arts · Design · Adobe Photoshop,Full Time,Not specified,https://wuzzuf.nethttps://wuzzuf.net/jobs/p/aUpeKXIreyAx-Graphic-Designer-Essence-Adverts-Cairo-Egypt
Graphic Designer,Shabana Group  -,"Nasr City, Cairo, Egypt",Full TimeOn-siteEntry Level · 1 - 3 Yrs of Exp · Marketing/PR/Advertising · Adobe Photoshop · Arts · Design · dreamweaver · Fine Arts · Graphic · Graphic Design · illustrator · photoshop,Full Time,Not specified,https://wuzzuf.nethttps://wuzzuf.net/jobs/p/VcSZjzFWek6P-Graphic-Designer-Shabana-Group-Cairo-Egypt
Graphic Designer,Guneskidswear -,"Hebron, Palestine",Full TimeRemoteEntry Level · 1 - 1 Yrs of Exp · Creative/Design/Art · Graphic Design · Arts · Design · Graphic · Adobe Photoshop · Adobe illustrator · Fine Arts · dreamweaver · photoshop,Full Time,Not specified,https://wuzzuf.nethttps://wuzzuf.net/jobs/p/kspUWXB0PTSI-Graphic-Designer-Guneskidswear-Hebron-Palestine
Senior Graphic Designer,Samena Group -,"Heliopolis, Cairo, Egypt",Full TimeOn-siteExperienced · 3 - 10 Yrs of Exp · Creative/Design/Art · Marketing/PR/Advertising · Fashion · Adobe Photoshop · Adobe illustrator · Design · Creative · Fine Arts · Graphic Design · illustrator,Full Time,Not specified,https://wuzzuf.nethttps://wuzzuf.net/jobs/p/RQ6T6jZsDYZi-Senior-Graphic-Designer-Samena-Group-Cairo-Egypt
Graphic Designer,Confidential -,"New Cairo, Cairo, Egypt",Full TimeOn-siteExperienced · 3 - 6 Yrs of Exp · Creative/Design/Art · Arts · Graphic Design · Adobe illustrator · Adobe Photoshop · Design · Fine Arts · illustrator · photoshop · Software,Full Time,Not specified,https://wuzzuf.nethttps://wuzzuf.net/jobs/p/SQWZRVfeHMqu-Graphic-Designer-Cairo-Egypt
Graphic Designer - Lebanese,Exco Egypt -,"Riyadh, Saudi Arabia",Full TimeOn-siteExperienced · 3+ Yrs of Exp · Creative/Design/Art · Marketing/PR/Advertising · Media/Journalism/Publishing · Communication skills · illustrator · indesign · photoshop · Adobe Creative Suite · Adobe illustrator · Adobe Photoshop,Full Time,Not specified,https://wuzzuf.nethttps://wuzzuf.net/jobs/p/OPn2rJSnQD7e-Graphic-Designer---Lebanese-Exco-Egypt-Riyadh-Saudi-Arabia
Graphic Designer,Confidential -,"Mubarak Al-Kabeer, Kuwait",Full TimeRemoteExperienced · 2+ Yrs of Exp · Creative/Design/Art · Adobe illustrator · Adobe Photoshop · Art · Arts · Design · Fine Arts · Graphic · Graphic Design · illustrator,Full Time,Not specified,https://wuzzuf.nethttps://wuzzuf.net/jobs/p/i5ZQv4yJEaKv-Graphic-Designer-Mubarak-Al-Kabeer-Kuwait
Senior Graphic Designer,Lasirena Group -,"Maadi, Cairo, Egypt",Full TimeOn-siteExperienced · 4 - 6 Yrs of Exp · Creative/Design/Art · Marketing/PR/Advertising · Media/Journalism/Publishing · Adobe illustrator · Applied Arts · Adobe Photoshop · Creative · Design · Graphic Design · illustrator,Full Time,Not specified,https://wuzzuf.nethttps://wuzzuf.net/jobs/p/B8aLviTRTpZ5-Senior-Graphic-Designer-Lasirena-Group-Cairo-Egypt
Multimedia Designer,Egyptian Packaging and Plastic Systems Corp -,"Manial, Cairo, Egypt",Full TimePart TimeOn-siteExperienced · 2 - 4 Yrs of Exp · Creative/Design/Art · Multimedia · Multimedia Design · Adobe Photoshop · Adobe Photoshop CC · Adobe illustrator · Adobe Premiere Pro · Adobe Indesign · Graphic Web Design · Graphic Design,Full Time,Not specified,https://wuzzuf.nethttps://wuzzuf.net/jobs/p/vHVijxwOKSSl-Multimedia-Designer-Egyptian-Packaging-and-Plastic-Systems-Corp-Cairo-Egypt
Graphic Designer,Myco Arabia -,"New Cairo, Cairo, Egypt",Full TimeOn-siteExperienced · 2 - 4 Yrs of Exp · Creative/Design/Art · Adobe illustrator · Adobe Photoshop · Design · Creative · Graphic Design · illustrator · Marketing · media · photoshop,Full Time,Not specified,https://wuzzuf.nethttps://wuzzuf.net/jobs/p/PGV1cYLARDCD-Graphic-Designer-Myco-Arabia-Cairo-Egypt
Graphic Designer,3D Diagnostix -,"Maadi, Cairo, Egypt",Full TimeHybridExperienced · 2+ Yrs of Exp · Creative/Design/Art · Marketing/PR/Advertising · Media/Journalism/Publishing · Adobe Photoshop · Adobe illustrator · Design · Creative · Motion Graphics · photoshop · Graphic,Full Time,Not specified,https://wuzzuf.nethttps://wuzzuf.net/jobs/p/exEV07ouy0Oh-Graphic-Designer-3D-Diagnostix-Cairo-Egypt
Character Designer,Selah ElTelmeez For Publishing & printing -,"Obour City, Cairo, Egypt",Full TimeOn-siteExperienced · 3 - 5 Yrs of Exp · Creative/Design/Art · adobe · Adobe Creative Suite · Adobe illustrator · Character · Character Design · Creative · Design · photoshop · Adobe Photoshop,Full Time,Not specified,https://wuzzuf.nethttps://wuzzuf.net/jobs/p/ulC4YQwIyS9M-Character-Designer-Selah-ElTelmeez-For-Publishing-printing-Cairo-Egypt
Motion Graphic Designer,Confidential -,"New Cairo, Cairo, Egypt",Full TimeOn-siteEntry Level · 1 - 2 Yrs of Exp · Creative/Design/Art · Marketing/PR/Advertising · Media/Journalism/Publishing · Adobe After Effects · Graphic Design · Adobe Creative Suite · Adobe Photoshop · Creative · Design · Adobe illustrator,Full Time,Not specified,https://wuzzuf.nethttps://wuzzuf.net/jobs/p/IXrHVFPAHwBm-Motion-Graphic-Designer-Cairo-Egypt
Senior Graphic Designer,Nahdet Misr Publishing Group -,"Mohandessin, Giza, Egypt",Full TimeOn-siteExperienced · 3 - 5 Yrs of Exp · Creative/Design/Art · Adobe Photoshop · Adobe Illustrator · Adobe Indesign · Graphic Design · Advertising,Full Time,Not specified,https://wuzzuf.nethttps://wuzzuf.net/jobs/p/Cev8VS6936dA-Senior-Graphic-Designer-Nahdet-Misr-Publishing-Group-Giza-Egypt
Graphic Designer/ Motion Graphic Designer,EAHK -,"Nasr City, Cairo, Egypt",Full TimeOn-siteEntry Level · 1 - 3 Yrs of Exp · Engineering - Construction/Civil/Architecture · Marketing/PR/Advertising · Adobe Photoshop · dreamweaver · Graphic Design · illustrator · photoshop · indesign · Adobe illustrator · Arts,Full Time,Not specified,https://wuzzuf.nethttps://wuzzuf.net/jobs/p/ddKCiY9oMGf7-Graphic-Designer-Motion-Graphic-Designer-EAHK-Cairo-Egypt
Senior Graphic designer,Exco Egypt -,"Nasr City, Cairo, Egypt",Full TimeOn-siteExperienced · 3+ Yrs of Exp · Creative/Design/Art · adobe · Adobe Creative Suite · Adobe illustrator · Adobe Photoshop · Communication skills · Design · Graphic Design · Graphic · illustrator,Full Time,Not specified,https://wuzzuf.nethttps://wuzzuf.net/jobs/p/NVUSoiKkixgG-Senior-Graphic-designer-Exco-Egypt-Cairo-Egypt
Graphic Designer,Yolo Cosmetics -,"New Nozha, Cairo, Egypt",Full TimeOn-siteExperienced · 2 - 5 Yrs of Exp · Creative/Design/Art · Marketing/PR/Advertising · Media/Journalism/Publishing · Graphic Design · photoshop · Design · Creative · illustrator · Adobe Photoshop · Adobe After Effects,Full Time,Not specified,https://wuzzuf.nethttps://wuzzuf.net/jobs/p/FHeEQvMfB4tc-Graphic-Designer-Yolo-Cosmetics-Cairo-Egypt
Senior Graphic Designer,Infinity Clinic Pharma -,"Nasr City, Cairo, Egypt",Full TimeOn-siteExperienced · 1 - 3 Yrs of Exp · Creative/Design/Art · Marketing/PR/Advertising · Media/Journalism/Publishing · Adobe illustrator · Adobe Photoshop · Applied Arts · Design · Arts · English · Fine Arts,Full Time,Not specified,https://wuzzuf.nethttps://wuzzuf.net/jobs/p/bXUbahoTVXww-Senior-Graphic-Designer-Infinity-Clinic-Pharma-Cairo-Egypt
Graphic Designer 2D,Brand Aid -,"Marg, Cairo, Egypt",Full TimeOn-siteExperienced · 1 - 4 Yrs of Exp · males_only · Creative/Design/Art · Manufacturing/Production · Marketing/PR/Advertising · 2D · 2d designer · Adobe Photoshop · Design · Adobe illustrator · indesign · photoshop,Full Time,Not specified,https://wuzzuf.nethttps://wuzzuf.net/jobs/p/7wugkg2HMmd8-Graphic-Designer-2D-Brand-Aid-Cairo-Egypt
Graphic Designer,Eamar Al Delta  -,"Cairo, Egypt",Full TimeOn-siteEntry Level · 1 - 3 Yrs of Exp · Creative/Design/Art · Marketing/PR/Advertising · Media/Journalism/Publishing · Adobe Creative Suite · Adobe illustrator · Adobe Photoshop · Creative · Design · Graphic Design · illustrator,Full Time,Not specified,https://wuzzuf.nethttps://wuzzuf.net/jobs/p/uFGvIzmETu6x-Graphic-Designer-Eamar-Al-Delta-Cairo-Egypt
Graphic Designer,Casual Dining Group  -,"New Cairo, Cairo, Egypt",Full TimeOn-siteExperienced · 3 - 20 Yrs of Exp · Creative/Design/Art · Marketing/PR/Advertising · Media/Journalism/Publishing · Adobe Photoshop · Graphic · Designer · Design · Adobe illustrator · Graphic Design · graphic designer,Full Time,Not specified,https://wuzzuf.nethttps://wuzzuf.net/jobs/p/0RGUI6zP2SUZ-Graphic-Designer-Casual-Dining-Group-Cairo-Egypt
Video Editor,EL KHETA -,"San Stefano, Alexandria, Egypt",InternshipOn-siteEntry Level · males_only · Creative/Design/Art · Adobe illustrator · Adobe Photoshop · Adobe Premier · Video Editing · video editor,Internship,Not specified,https://wuzzuf.nethttps://wuzzuf.net/internship/BwFa5G86RY2z-Video-Editor-EL-KHETA-Alexandria-Egypt
Senior Graphic Designer,Confidential -,"Cairo, Egypt",Full TimeOn-siteExperienced · 5+ Yrs of Exp · Creative/Design/Art · Marketing/PR/Advertising · Adobe Creative Suite · Adobe Photoshop · Creative · Design · Graphic Design · illustrator · Marketing · photoshop,Full Time,Not specified,https://wuzzuf.nethttps://wuzzuf.net/jobs/p/vqb6nAcbX2Xp-Senior-Graphic-Designer-Cairo-Egypt
Video Editor,EL KHETA -,"San Stefano, Alexandria, Egypt",Full TimeOn-siteEntry Level · 1 - 3 Yrs of Exp · males_only · Creative/Design/Art · Marketing/PR/Advertising · Media/Journalism/Publishing · Video Editing · Video Montage · Adobe illustrator · Adobe Photoshop · Adobe Premiere · Fine Arts · Creative,Full Time,Not specified,https://wuzzuf.nethttps://wuzzuf.net/jobs/p/sK1sGRXuXdxJ-Video-Editor-EL-KHETA-Alexandria-Egypt
Junior Interior Designer,ESC -,"New Cairo, Cairo, Egypt",Full TimeOn-siteEntry Level · 1 - 2 Yrs of Exp · Engineering - Construction/Civil/Architecture · Creative/Design/Art · 3d max · 3D · Architecture · AutoCAD · Creative · Design · illustrator · Interior,Full Time,Not specified,https://wuzzuf.nethttps://wuzzuf.net/jobs/p/BPkAmb32NHqd-Junior-Interior-Designer-ESC-Cairo-Egypt
Senior Interior Designer,ESC -,"New Cairo, Cairo, Egypt",Full TimeOn-siteExperienced · 4 - 6 Yrs of Exp · Engineering - Construction/Civil/Architecture · Creative/Design/Art · Design · AutoCAD · Interior Design · 3D · 3d max · Project Management · illustrator · Furniture,Full Time,Not specified,https://wuzzuf.nethttps://wuzzuf.net/jobs/p/lVVLOGPrreBO-Senior-Interior-Designer-ESC-Cairo-Egypt
Creative Designer,Confidential -,"Alexandria, Egypt",Full TimeRemoteExperienced · 3 - 5 Yrs of Exp · Creative/Design/Art · Media/Journalism/Publishing · Graphic Design · Creative · Social Media · Art · media · Adobe illustrator · Adobe Photoshop · Adobe Creative Suite,Full Time,Not specified,https://wuzzuf.nethttps://wuzzuf.net/jobs/p/CeH3gHPnKavM-Creative-Designer-Alexandria-Egypt
Graphic Designer,STRUTOO -,"New Cairo, Cairo, Egypt",Full TimeOn-siteEntry Level · 1 - 2 Yrs of Exp · Creative/Design/Art · Marketing/PR/Advertising · Graphic Design · graphics · Graphic · illustrator · Design · Creative · Adobe Photoshop · Adobe illustrator,Full Time,Not specified,https://wuzzuf.nethttps://wuzzuf.net/jobs/p/LIfNOl55OSUb-Graphic-Designer-STRUTOO-Cairo-Egypt
Senior Graphic Designer,Confidential -,"Nasr City, Cairo, Egypt",Full TimeOn-siteExperienced · 1 - 3 Yrs of Exp · Creative/Design/Art · Marketing/PR/Advertising · Media/Journalism/Publishing · Adobe illustrator · Adobe Photoshop · Design · Arts · dreamweaver · Fine Arts · Graphic,Full Time,Not specified,https://wuzzuf.nethttps://wuzzuf.net/jobs/p/Sd9P8MC3Gg5x-Senior-Graphic-Designer-Cairo-Egypt
Graphic Designer,IMAR company -,"Maadi, Cairo, Egypt",Full TimeOn-siteExperienced · 5 - 10 Yrs of Exp · Creative/Design/Art · Adobe Creative Suite · adobe · Branding · Adobe illustrator · Adobe Photoshop · illustrator · Creative · Design · Graphic,Full Time,Not specified,https://wuzzuf.nethttps://wuzzuf.net/jobs/p/FlZRymR9jDti-Graphic-Designer-IMAR-company-Cairo-Egypt
Graphic Designer,Max2 Digital Media -,"Heliopolis, Cairo, Egypt",Full TimeOn-siteExperienced · 3+ Yrs of Exp · Creative/Design/Art · Marketing/PR/Advertising · Design · Graphic Design · Social Media · Marketing · Web Design · Adobe Photoshop · Digital Marketing · Adobe Illustrator,Full Time,Not specified,https://wuzzuf.nethttps://wuzzuf.net/jobs/p/F4rnc0lYtVsQ-Graphic-Designer-Max2-Digital-Media-Cairo-Egypt
Motion Graphic Designer,Kandeel Group -,"New Cairo, Cairo, Egypt",Full TimeOn-siteExperienced · 3 - 5 Yrs of Exp · Creative/Design/Art · Marketing/PR/Advertising · Media/Journalism/Publishing · Video Editing · Motion · Motion Graphic Design · Video Creation · Video Design · motion graphic · motion graphic designer,Full Time,Not specified,https://wuzzuf.nethttps://wuzzuf.net/jobs/p/zojtpjCveVU4-Motion-Graphic-Designer-Kandeel-Group-Cairo-Egypt
Graphic Designer - Marketing Background,Ultimate Solutions Egypt -,"6th of October, Giza, Egypt",Full TimeOn-siteExperienced · 2+ Yrs of Exp · Creative/Design/Art · Marketing/PR/Advertising · Media/Journalism/Publishing · Adobe Photoshop · Communication · Communication skills · Art · Design · English · Graphic,Full Time,Not specified,https://wuzzuf.nethttps://wuzzuf.net/jobs/p/4KkrbLrs0uTU-Graphic-Designer---Marketing-Background-Ultimate-Solutions-Egypt-Giza-Egypt
Graphic Designer,Confidential -,"Obour City, Cairo, Egypt",Full TimeOn-siteExperienced · 1 - 3 Yrs of Exp · Creative/Design/Art · Marketing/PR/Advertising · Media/Journalism/Publishing · Graphic · Design · Creative · Adobe Photoshop · Adobe illustrator · Graphic Design,Full Time,Not specified,https://wuzzuf.nethttps://wuzzuf.net/jobs/p/JMyXWvk55Obf-Graphic-Designer-Cairo-Egypt
UI/UX Design Intern,Visionare -,"Smouha, Alexandria, Egypt",InternshipRemoteStudent · 0 - 1 Yrs of Exp · Creative/Design/Art · Engineering - Telecom/Technology · Computer Science · Information Technology (IT) · photoshop · indesign · illustrator · figma · behance,Internship,Not specified,https://wuzzuf.nethttps://wuzzuf.net/internship/05d0TI16mlrV-UIUX-Design-Intern-Visionare-Alexandria-Egypt
Photographer,Ben Soliman -,"Mohandessin, Giza, Egypt",Full TimePart TimeOn-siteExperienced · 2 - 3 Yrs of Exp · males_only · Creative/Design/Art · Marketing/PR/Advertising · Media/Journalism/Publishing · Adobe Photoshop · Fashion · illustrator · Lightroom · media · Photo Editing · Photography,Full Time,Not specified,https://wuzzuf.nethttps://wuzzuf.net/jobs/p/fV07977f9Aa4-Photographer-Ben-Soliman-Giza-Egypt
Creative Graphic Designer - Ceramic Field,Torrecid Egypt SAE -,"Sheikh Zayed, Giza, Egypt",Full TimeOn-siteEntry Level · 0 - 3 Yrs of Exp · Creative/Design/Art · Arts · Graphic Design · Ceramic · Applied Arts · Adobe Photoshop · Design · English · photoshop · Adobe illustrator,Full Time,Not specified,https://wuzzuf.nethttps://wuzzuf.net/jobs/p/ovsLwCj0MjBU-Creative-Graphic-Designer---Ceramic-Field-Torrecid-Egypt-SAE-Giza-Egypt
Video Editor/Animator,Media Republic -,"Maadi, Cairo, Egypt",Full TimeOn-siteExperienced · 2+ Yrs of Exp · Marketing/PR/Advertising · Media/Journalism/Publishing · Marketing · Video Editing · Adobe Photoshop · Adobe Illustrator · Videographer · Adobe After Effects · Adobe Premiere · Creative,Full Time,Not specified,https://wuzzuf.nethttps://wuzzuf.net/jobs/p/itb40kv7Cc8m-Video-EditorAnimator-Media-Republic-Cairo-Egypt
Senior Creative,Media Republic -,"Maadi, Cairo, Egypt",Full TimeOn-siteExperienced · 3 - 5 Yrs of Exp · Creative/Design/Art · Marketing/PR/Advertising · Media/Journalism/Publishing · Adobe illustrator · Adobe Photoshop · Creative · Design · English · Experience · Arabic,Full Time,Not specified,https://wuzzuf.nethttps://wuzzuf.net/jobs/p/PQj5TeMam835-Senior-Creative-Media-Republic-Cairo-Egypt
Graphic Designer,LAMA Medical -,"Maadi, Cairo, Egypt",Full TimeHybridExperienced · 3+ Yrs of Exp · Creative/Design/Art · Marketing/PR/Advertising · Adobe Photoshop · Design · Adobe illustrator · Adobe Indesign · Video Editing · Aftereffect · illustrator · Graphic Design,Full Time,Not specified,https://wuzzuf.nethttps://wuzzuf.net/jobs/p/STk0AhST08KE-Graphic-Designer-LAMA-Medical-Cairo-Egypt
Graphic Designer,United ATS -,"Cairo, Egypt",Full TimeOn-siteExperienced · 1 - 4 Yrs of Exp · males_only · Creative/Design/Art · Marketing/PR/Advertising · Media/Journalism/Publishing · Adobe illustrator · Adobe Photoshop · Designer · Design · Graphic · Graphic Design · graphic designer,Full Time,Not specified,https://wuzzuf.nethttps://wuzzuf.net/jobs/p/xZMdZC6H6xmE-Graphic-Designer-United-ATS-Cairo-Egypt
Sr. Graphic Designer,SAMH Platform   -,"Riyadh, Saudi Arabia",Full TimePart TimeRemoteExperienced · 2 - 5 Yrs of Exp · Creative/Design/Art · Adobe illustrator · Adobe Photoshop · Creative · Design · Graphic · Graphic Design · illustrator · Video Editing,Full Time,Not specified,https://wuzzuf.nethttps://wuzzuf.net/jobs/p/fN2uyE1lyk1b-Sr-Graphic-Designer-SAMH-Platform-Riyadh-Saudi-Arabia
Art Designer & technical,Chairs & company -,"New Cairo, Cairo, Egypt",Full TimeHybridExperienced · 0 - 5 Yrs of Exp · Creative/Design/Art · Engineering - Other · Designer · In Design · Microsoft Excel · Adobe illustrator · Adobe Photoshop · Arts · Design · Fine Arts,Full Time,Not specified,https://wuzzuf.nethttps://wuzzuf.net/jobs/p/m2ntrTJD511L-Art-Designer-technical-Chairs-company-Cairo-Egypt
Graphic Designer,Confidential -,"Jeddah, Saudi Arabia",Full TimeRemoteExperienced · 5 - 8 Yrs of Exp · Marketing/PR/Advertising · Graphic Design · Designer · Design · Adobe Photoshop · Adobe illustrator · Creative · illustrator · Marketing · media,Full Time,Not specified,https://wuzzuf.nethttps://wuzzuf.net/jobs/p/Qv5bOpjmVJCT-Graphic-Designer-Jeddah-Saudi-Arabia
Graphic Designer (Rodniture - Furniture),Msi - Rodniture -,"New Cairo, Cairo, Egypt",Full TimeOn-siteEntry Level · 2 - 5 Yrs of Exp · Creative/Design/Art · Graphic · Graphic Design · Adobe Photoshop · Adobe illustrator,Full Time,Not specified,https://wuzzuf.nethttps://wuzzuf.net/jobs/p/XT8z4m5MyE7z-Graphic-Designer-Rodniture---Furniture-Msi---Rodniture-Cairo-Egypt
SENIOR DESIGNER ARCHITECT,Riwaq -,"Zamalek, Cairo, Egypt",Full TimeOn-siteExperienced · 4 - 8 Yrs of Exp · Engineering - Construction/Civil/Architecture · Creative/Design/Art · CGI · 3D · Adobe Photoshop · Adobe Illustrator · Architecture · Design · AutoCAD · Interior Design,Full Time,Not specified,https://wuzzuf.nethttps://wuzzuf.net/jobs/p/KlDwwTwlyW6g-SENIOR-DESIGNER-ARCHITECT-Riwaq-Cairo-Egypt
Senior Graphic Designer (SGD),Store Garden -,"New Cairo, Cairo, Egypt",Full TimeOn-siteSenior Management · 4 - 6 Yrs of Exp · Creative/Design/Art · Media/Journalism/Publishing · Adobe Photoshop · Adobe illustrator · Arts · Graphic · Graphic Design · graphic designer · Motion Graphics · Video Editing,Full Time,Not specified,https://wuzzuf.nethttps://wuzzuf.net/jobs/p/KS833rOvnzOv-Senior-Graphic-Designer-SGD-Store-Garden-Cairo-Egypt
Senior Graphic Designer,Horizon Agency -,"New Cairo, Cairo, Egypt",Full TimeOn-siteManager · 5 - 12 Yrs of Exp · Creative/Design/Art · Marketing/PR/Advertising · Graphic Design · Graphic · Creative · Adobe Photoshop · Adobe illustrator · photoshop · graphics · Design,Full Time,Not specified,https://wuzzuf.nethttps://wuzzuf.net/jobs/p/aeUiSJRQ6tgq-Senior-Graphic-Designer-Horizon-Agency-Cairo-Egypt
3D Visualizer,Amer Vision Group -,"Sheraton, Cairo, Egypt",Full TimeOn-siteExperienced · 3 - 5 Yrs of Exp · Creative/Design/Art · 3D · 3D Design · 3D Modeling · 3ds Max · Adobe Photoshop · Architecture · AutoCAD · Creative · Engineering,Full Time,Not specified,https://wuzzuf.nethttps://wuzzuf.net/jobs/p/M9LnDMMNhNWW-3D-Visualizer-Amer-Vision-Group-Cairo-Egypt
Graphic Designer and Video Editor,Binaries for Software Development  -,"Nasr City, Cairo, Egypt",Full TimeHybridExperienced · 2 - 3 Yrs of Exp · Creative/Design/Art · design · Photoshop · Illustrator · Figma · Video Editing · Graphic Design · Adobe Photoshop,Full Time,Not specified,https://wuzzuf.nethttps://wuzzuf.net/jobs/p/01NwQCbU2xX2-Graphic-Designer-and-Video-Editor-Binaries-for-Software-Development-Cairo-Egypt
Graphic Designer,Selah ElTelmeez For Publishing & printing -,"Obour City, Cairo, Egypt",Full TimeOn-siteExperienced · 2 - 4 Yrs of Exp · Creative/Design/Art · Marketing/PR/Advertising · Graphic Design · Design · Art · Applied Arts · Fine Arts · Drawing · Paints · Painting,Full Time,Not specified,https://wuzzuf.nethttps://wuzzuf.net/jobs/p/yI6wxcabuBsP-Graphic-Designer-Selah-ElTelmeez-For-Publishing-printing-Cairo-Egypt
B2B Catalogue Designer,Confidential -,"Cairo, Egypt",Freelance / ProjectRemoteExperienced · 7+ Yrs of Exp · Creative/Design/Art · Graphic Design · Adobe Photoshop · Adobe illustrator · Adobe Indesign · B2B · Arts · Creative · Design · photoshop,Freelance / Project,Not specified,https://wuzzuf.nethttps://wuzzuf.net/jobs/p/VqrtTFZagBOF-B2B-Catalogue-Designer-Cairo-Egypt
Graphic Designer - Social Media,Helal Group -,"Cairo, Egypt",Full TimeOn-siteEntry Level · 1 - 3 Yrs of Exp · Creative/Design/Art · Marketing/PR/Advertising · Media/Journalism/Publishing · Adobe Photoshop · Advertising · Adobe illustrator · Graphic Design · Graphic · indesign · Design,Full Time,Not specified,https://wuzzuf.nethttps://wuzzuf.net/jobs/p/6MOgcvcRyJzN-Graphic-Designer---Social-Media-Helal-Group-Cairo-Egypt
Senior Interior designer,TRI Interior Design and Finishin -,"New Cairo, Cairo, Egypt",Full TimeOn-siteExperienced · 4 - 7 Yrs of Exp · Engineering - Construction/Civil/Architecture · Creative/Design/Art · 2D · Interior Design · Design · 3D Max · Architecture · AutoCAD · Elevation Drawings · 3D Rendering,Full Time,Not specified,https://wuzzuf.nethttps://wuzzuf.net/jobs/p/frFHifRLgqik-Senior-Interior-designer-TRI-Interior-Design-and-Finishin-Cairo-Egypt
Video Editors Team Leader,EL KHETA -,"San Stefano, Alexandria, Egypt",Full TimeOn-siteManager · 5+ Yrs of Exp · males_only · Creative/Design/Art · Adobe After Effects · Adobe illustrator · Adobe Premiere · Camtasia Studio · video editor · team leader · video editors team leader · editing · creativity,Full Time,Not specified,https://wuzzuf.nethttps://wuzzuf.net/jobs/p/R7wjiTMSoAYH-Video-Editors-Team-Leader-EL-KHETA-Alexandria-Egypt
UI/UX Designer,34ML -,"Heliopolis, Cairo, Egypt",Full TimeHybridEntry Level · 1 - 4 Yrs of Exp · Creative/Design/Art · IT/Software Development · Engineering - Telecom/Technology · Web Development · Web Design · WordPress · User Interface · PHP · HTML5 · CSS3,Full Time,Not specified,https://wuzzuf.nethttps://wuzzuf.net/jobs/p/HMlrgBdOYQD9-UIUX-Designer-34ML-Cairo-Egypt
Senior Graphic Designer,SAMTA Media -,"New Cairo, Cairo, Egypt",Full TimeOn-siteExperienced · 3 - 5 Yrs of Exp · Creative/Design/Art · Marketing/PR/Advertising · Adobe Photoshop · Design · Creative · Graphic Design · media · Social Media · Adobe illustrator · Arts,Full Time,Not specified,https://wuzzuf.nethttps://wuzzuf.net/jobs/p/2Pdn5EyNM91p-Senior-Graphic-Designer-SAMTA-Media-Cairo-Egypt
Senior Graphic Designer,New Era Education -,"Giza, Egypt",Full TimeOn-siteExperienced · 3+ Yrs of Exp · Creative/Design/Art · Marketing/PR/Advertising · Adobe Photoshop · Creative · Adobe illustrator · CSS · Graphic Design · Design · Video Editing · Web Design,Full Time,Not specified,https://wuzzuf.nethttps://wuzzuf.net/jobs/p/uzZf8KAKWazq-Senior-Graphic-Designer-New-Era-Education-Giza-Egypt
Graphic Designer,Adverse Agency -,"Cairo, Egypt",Full TimeRemoteExperienced · 2 - 5 Yrs of Exp · Creative/Design/Art · Graphic Design · Motion Graphics · Video Editing · Adobe Photoshop · Adobe illustrator · Graphic · illustrator · photoshop · Design,Full Time,Not specified,https://wuzzuf.nethttps://wuzzuf.net/jobs/p/2HN6DoEEtdqq-Graphic-Designer-Adverse-Agency-Cairo-Egypt
Graphic Designer (Packaging & Social Media),Alarabia Group -,"10th of Ramadan City, Cairo, Egypt",Full TimeOn-siteExperienced · 6 - 10 Yrs of Exp · Creative/Design/Art · Marketing/PR/Advertising · Media/Journalism/Publishing · Graphic Design · Adobe illustrator · Social Media · UI/UX · Packaging Design · Appliances · photoshop,Full Time,Not specified,https://wuzzuf.nethttps://wuzzuf.net/jobs/p/LEuzIW30Yblr-Graphic-Designer-Packaging-Social-Media-Alarabia-Group-Cairo-Egypt
DTP Specialist,The Translation Gate -,"Maadi, Cairo, Egypt",Full TimeOn-siteExperienced · 2 - 3 Yrs of Exp · Engineering - Telecom/Technology · Adobe Indesign · Adobe Photoshop · English · DTP · illustrator · indesign · photoshop · Publishing · Adobe illustrator,Full Time,Not specified,https://wuzzuf.nethttps://wuzzuf.net/jobs/p/qadEGdXR3C2I-DTP-Specialist-The-Translation-Gate-Cairo-Egypt
Senior Graphic Designer,Floortec -,"Sheikh Zayed, Giza, Egypt",Full TimeOn-siteExperienced · 3 - 7 Yrs of Exp · Creative/Design/Art · Marketing/PR/Advertising · Media/Journalism/Publishing · Adobe Photoshop · Adobe illustrator · After Effects · Creativity · Design · Designer · Graphic Design,Full Time,Not specified,https://wuzzuf.nethttps://wuzzuf.net/jobs/p/rfOfg4c4CUdK-Senior-Graphic-Designer-Floortec-Giza-Egypt
UI/UX Instructor,Yat Learning Centers -,"Cairo, Egypt",Freelance / ProjectHybridExperienced · 2 - 15 Yrs of Exp · Training/Instructor · Figma · UI · UX Design · Adobe illustrator · UI/UX · Adobe XD · Design · UX · Digital Arts,Freelance / Project,Not specified,https://wuzzuf.nethttps://wuzzuf.net/jobs/p/2YKiQsNtDjuN-UIUX-Instructor-Yat-Learning-Centers-Cairo-Egypt
Visual Merchandiser,MTG -,"Mokattam, Cairo, Egypt",Full TimeOn-siteExperienced · 2 - 3 Yrs of Exp · Sales/Retail · Fashion · Merchandising · Creative · Fashion · Retail · Visual Merchandising · Visual · Sales · Design,Full Time,Not specified,https://wuzzuf.nethttps://wuzzuf.net/jobs/p/HZckoBYTaMM4-Visual-Merchandiser-MTG-Cairo-Egypt
Graphic Designer,MTG -,"New Cairo, Cairo, Egypt",Full TimeOn-siteExperienced · 2 - 3 Yrs of Exp · Creative/Design/Art · Creative · Design · illustrator · Adobe Creative Suite · photoshop · Graphic · Graphic Design · Adobe illustrator · Adobe Photoshop,Full Time,Not specified,https://wuzzuf.nethttps://wuzzuf.net/jobs/p/h7Gegc7JGwPQ-Graphic-Designer-MTG-Cairo-Egypt
Senior Graphic Designer 2D,NewTech Company -,"Garden City, Cairo, Egypt",Full TimeOn-siteExperienced · 5+ Yrs of Exp · Marketing/PR/Advertising · Graphic Design · Adobe illustrator · Adobe Photoshop · after effect · illustrator · Premiere · photoshop,Full Time,Not specified,https://wuzzuf.nethttps://wuzzuf.net/jobs/p/KIQlU32l4mgM-Senior-Graphic-Designer-2D-NewTech-Company-Cairo-Egypt
Graphic Designer,Edutech Labs Fze -,"Cairo, Egypt",Full TimeRemoteExperienced · 3 - 5 Yrs of Exp · Creative/Design/Art · Adobe illustrator · illustrator · Adobe Photoshop · Graphic · indesign · Graphic Design · Premiere · Aftereffect,Full Time,Not specified,https://wuzzuf.nethttps://wuzzuf.net/jobs/p/SvglEX4l1vtM-Graphic-Designer-Edutech-Labs-Fze-Cairo-Egypt
Senior Graphic Designer,GPS -,"Heliopolis, Cairo, Egypt",Full TimeOn-siteExperienced · 4 - 6 Yrs of Exp · Creative/Design/Art · Adobe illustrator · Adobe Photoshop · Design · Graphic · Graphic Design · Creative · photoshop,Full Time,Not specified,https://wuzzuf.nethttps://wuzzuf.net/jobs/p/NPkT6VwZ4OCv-Senior-Graphic-Designer-GPS-Cairo-Egypt
Art Director,Akhtaboot Group -,"New Cairo, Cairo, Egypt",Full TimeOn-siteExperienced · 3 - 5 Yrs of Exp · Creative/Design/Art · Marketing/PR/Advertising · Media/Journalism/Publishing · Adobe Photoshop · art director · Director · Graphic Design · Design · Art · Adobe illustrator,Full Time,Not specified,https://wuzzuf.nethttps://wuzzuf.net/jobs/p/VJuRKnJ0D0rD-Art-Director-Akhtaboot-Group-Cairo-Egypt
Senior Graphic Designer ( Motion ),Premium Card -,"Dokki, Giza, Egypt",Full TimeOn-siteExperienced · 3 - 5 Yrs of Exp · Marketing/PR/Advertising · Adobe After Effects · Adobe Photoshop · Adobe Premiere · Design · illustrator · photoshop · Adobe illustrator · After Effects · Graphic Design,Full Time,Not specified,https://wuzzuf.nethttps://wuzzuf.net/jobs/p/jsQ87zKeBEVn-Senior-Graphic-Designer-Motion-Premium-Card-Giza-Egypt
Sr.UI/UX Designer,qTech.  -,"New Nozha, Cairo, Egypt",Full TimeOn-siteExperienced · 3+ Yrs of Exp · Creative/Design/Art · IT/Software Development · Engineering - Telecom/Technology · UI/UX · UI/UX Design · Design · UI Design · Photoshop · Information Technology (IT) · Computer Science,Full Time,Not specified,https://wuzzuf.nethttps://wuzzuf.net/jobs/p/PJhS5gWoDD6q-SrUIUX-Designer-qTech-Cairo-Egypt
Graphic Designer,Palmier Developments  -,"Sheikh Zayed, Giza, Egypt",Full TimeOn-siteExperienced · 2 - 4 Yrs of Exp · females_preferred · Creative/Design/Art · Adobe illustrator · Adobe Photoshop · Design · Arts · Fine Arts · Graphic · Graphic Design · illustrator · photoshop,Full Time,Not specified,https://wuzzuf.nethttps://wuzzuf.net/jobs/p/TVjkYEFqqSG3-Graphic-Designer-Palmier-Developments-Giza-Egypt
Graphic Designer,Confidential -,"Mohandessin, Giza, Egypt",Full TimeOn-siteExperienced · 2 - 5 Yrs of Exp · Creative/Design/Art · Adobe Photoshop · Adobe Illustrator · Adobe Indesign · Graphic Design · Advertising,Full Time,Not specified,https://wuzzuf.nethttps://wuzzuf.net/jobs/p/lD7IcNyt7i7e-Graphic-Designer-Giza-Egypt
Motion Video Animator,Confidential -,"Cairo, Egypt",Full TimeRemoteEntry Level · Creative/Design/Art · Marketing/PR/Advertising · Media/Journalism/Publishing · Design · Motion Graphics · 2D · Adobe illustrator · Adobe After Effects · Animation · Motion,Full Time,Not specified,https://wuzzuf.nethttps://wuzzuf.net/jobs/p/iRqQPDQzC5xa-Motion-Video-Animator-Cairo-Egypt
Creative Director,Advertizer -,"Tanta, Gharbia, Egypt",Full TimePart TimeFreelance / ProjectHybridManager · 5 - 10 Yrs of Exp · Business Development · Marketing/PR/Advertising · Strategy/Consulting · Adobe Creative Suite · Advertising · Creative · Design · Digital Marketing · digital marketing · Graphic Design,Full Time,Not specified,https://wuzzuf.nethttps://wuzzuf.net/jobs/p/W639H7GXHVM8-Creative-Director-Advertizer-Gharbia-Egypt
Senior Graphic Designer,Advertizer -,"Tanta, Gharbia, Egypt",Full TimePart TimeOn-siteExperienced · 5 - 10 Yrs of Exp · males_only · Creative/Design/Art · Marketing/PR/Advertising · adobe · Adobe illustrator · Adobe Photoshop · Advertising · Creative · Design · Graphic · Graphic Design,Full Time,Not specified,https://wuzzuf.nethttps://wuzzuf.net/jobs/p/vVZDG5FDFg9h-Senior-Graphic-Designer-Advertizer-Gharbia-Egypt
Senior UI & UX Designer,Ultimate Solutions Egypt -,"Sheikh Zayed, Giza, Egypt",Full TimeOn-siteExperienced · 2 - 3 Yrs of Exp · Creative/Design/Art · IT/Software Development · Engineering - Telecom/Technology · Computer Science · illustrator · Information Technology (IT) · Software · ui · UI/UX · UX,Full Time,Not specified,https://wuzzuf.nethttps://wuzzuf.net/jobs/p/3tbc3bt8KGJN-Senior-UI-UX-Designer-Ultimate-Solutions-Egypt-Giza-Egypt
"3d winning creative animation, VXF - CGI",Healthy -,"Nasr City, Cairo, Egypt",Full TimeOn-siteExperienced · 2 - 2 Yrs of Exp · Marketing/PR/Advertising · 3D · 3D Animation · Adobe illustrator · Creative · Animation · Graphic Design · Motion,Full Time,Not specified,https://wuzzuf.nethttps://wuzzuf.net/jobs/p/3aY39GpUC7Ue-3d-winning-creative-animation-VXF---CGI-Healthy-Cairo-Egypt
Graphic & Media Designer,SERV-QUAL -,"New Cairo, Cairo, Egypt",Full TimeOn-siteExperienced · 1 - 5 Yrs of Exp · Creative/Design/Art · Manufacturing/Production · Media/Journalism/Publishing · Graphic Design · Social Media · Adobe Photoshop · Design · After Effect · Adobe Illustration · Adobe Premiere,Full Time,Not specified,https://wuzzuf.nethttps://wuzzuf.net/jobs/p/noXAx4tAk6gt-Graphic-Media-Designer-SERV-QUAL-Cairo-Egypt
Graphic Designer,OPPO Egypt  -,"Nasr City, Cairo, Egypt",Full TimeOn-siteExperienced · 1 - 3 Yrs of Exp · Creative/Design/Art · Marketing/PR/Advertising · Media/Journalism/Publishing · Adobe illustrator · Adobe Photoshop · Designer · Graphic Design · graphic designer · Design · Graphic,Full Time,Not specified,https://wuzzuf.nethttps://wuzzuf.net/jobs/p/lAcWFUb0tDL7-Graphic-Designer-OPPO-Egypt-Cairo-Egypt
Graphic Designer,TTC Technologies -,"Heliopolis, Cairo, Egypt",Full TimeOn-siteExperienced · 3 - 5 Yrs of Exp · Creative/Design/Art · Marketing/PR/Advertising · Adobe illustrator · Adobe Photoshop · Adobe Premiere · Design · Graphic · Creative · Graphic Design · illustrator,Full Time,Not specified,https://wuzzuf.nethttps://wuzzuf.net/jobs/p/C618ptR1Cd2G-Graphic-Designer-TTC-Technologies-Cairo-Egypt
Animation Designer and graphic designer,Abadnet -,"Ain Shams, Cairo, Egypt",Full TimeOn-siteExperienced · 3 - 12 Yrs of Exp · Creative/Design/Art · Marketing/PR/Advertising · Media/Journalism/Publishing · Adobe illustrator · Animation · Adobe Photoshop · Graphic Design,Full Time,Not specified,https://wuzzuf.nethttps://wuzzuf.net/jobs/p/hlB2aTFjJp6d-Animation-Designer-and-graphic-designer-Abadnet-Cairo-Egypt
3 D Character Artist,Makouk -,"Cairo, Egypt",Part TimeFreelance / ProjectRemoteExperienced · 4+ Yrs of Exp · Creative/Design/Art · 3D Modeling · 3D · MAYA · Design · Adobe illustrator · Adobe Photoshop · Animation · Blender · Fine Arts,Part Time,Not specified,https://wuzzuf.nethttps://wuzzuf.net/jobs/p/c6h3RWRExvY4-3-D-Character-Artist-Makouk-Cairo-Egypt
Graphic Designer,Etqaan For Digital Solutions -,"6th of October, Giza, Egypt",Full TimeOn-siteExperienced · 5 - 10 Yrs of Exp · Creative/Design/Art · Adobe Creative Suite · Applied Arts · Design · Graphic Design · Graphic · Creative · Arts · adobe · Adobe illustrator,Full Time,Not specified,https://wuzzuf.nethttps://wuzzuf.net/jobs/p/iSJMGjFYY4L1-Graphic-Designer-Etqaan-For-Digital-Solutions-Giza-Egypt
Branding Graphic Designer (Remote - Part-time),xmth -,"Downtown, Cairo, Egypt",Part TimeRemoteExperienced · 2 - 5 Yrs of Exp · Creative/Design/Art · Graphic Design · Branding · Visual Design · Design · Graphic · illustrator · indesign · Layout · Adobe illustrator,Part Time,Not specified,https://wuzzuf.nethttps://wuzzuf.net/jobs/p/PppbZam3XViM-Branding-Graphic-Designer-Remote---Part-time-xmth-Cairo-Egypt
Motion Graphics Designer,Soomline co  -,"Cairo, Egypt",Full TimeRemoteExperienced · 3 - 5 Yrs of Exp · Creative/Design/Art · Adobe illustrator · Adobe Premiere · graphics · Motion Graphics · Motion · Adobe After Effects · adobe · Communication skills · Graphic Design,Full Time,Not specified,https://wuzzuf.nethttps://wuzzuf.net/jobs/p/EqjV4CcWq3Lg-Motion-Graphics-Designer-Soomline-co-Cairo-Egypt
Production Engineer,Monyay -,"Helwan, Cairo, Egypt",Full TimeOn-siteExperienced · 10 - 15 Yrs of Exp · males_only · Manufacturing/Production · Engineering · Manufacturing · Production · Adobe illustrator · Production Engineering,Full Time,Not specified,https://wuzzuf.nethttps://wuzzuf.net/jobs/p/zA5mrhwZV1WM-Production-Engineer-Monyay-Cairo-Egypt
Senior Graphic Designer,Continental Comfort  -,"New Cairo, Cairo, Egypt",Full TimeOn-siteExperienced · 5 - 7 Yrs of Exp · Creative/Design/Art · Marketing/PR/Advertising · Graphic · Graphic Design · photoshop · Design · Adobe illustrator,Full Time,Not specified,https://wuzzuf.nethttps://wuzzuf.net/jobs/p/idbLmU9vmGjw-Senior-Graphic-Designer-Continental-Comfort-Cairo-Egypt
Graphic Designer ( Finalizer),EPL Misr For Advanced Packaging -,"Obour City, Cairo, Egypt",Full TimeOn-siteExperienced · 2 - 5 Yrs of Exp · Creative/Design/Art · finalizer · Graphic designer · Adobe illustrator · Adobe Photoshop · Graphic Design · English · Fine Arts · Packaging · photoshop,Full Time,Not specified,https://wuzzuf.nethttps://wuzzuf.net/jobs/p/pPlekLLbo6kp-Graphic-Designer-Finalizer-EPL-Misr-For-Advanced-Packaging-Cairo-Egypt
Senior graphic designer,Homix -,"Mohandessin, Giza, Egypt",Full TimeOn-siteExperienced · Creative/Design/Art · Marketing/PR/Advertising · Adobe Photoshop · Graphic Design · illustrator · photoshop · Design,Full Time,Not specified,https://wuzzuf.nethttps://wuzzuf.net/jobs/p/Lr5q0FyAqE4w-Senior-graphic-designer-Homix-Giza-Egypt
Graphic Designer,Ezdhaer media  -,"Nozha, Cairo, Egypt",Full TimePart TimeOn-siteExperienced · 2 - 5 Yrs of Exp · Marketing/PR/Advertising · graphic designer · Graphic Design · Adobe illustrator · Adobe Photoshop · Graphic · Design · Designer,Full Time,Not specified,https://wuzzuf.nethttps://wuzzuf.net/jobs/p/hzH8SSnCtP8m-Graphic-Designer-Ezdhaer-media-Cairo-Egypt
Creative Designer / Architect / Interior designer - work from home,The Wayfinding & Sign Design Services Co. -,"Dubai, United Arab Emirates",Full TimeRemoteExperienced · 7+ Yrs of Exp · Engineering - Construction/Civil/Architecture · Creative/Design/Art · Marketing/PR/Advertising · Architecture · AutoCAD · Adobe illustrator · Engineering · signage · wayfinding · Computer Science,Full Time,Not specified,https://wuzzuf.nethttps://wuzzuf.net/jobs/p/zmajeXtuIeWO-Creative-Designer-Architect-Interior-designer---work-from-home-The-Wayfinding-Sign-Design-Services-Co-Dubai-United-Arab-Emirates
Graphic Designer,M5ZOON -,"New Cairo, Cairo, Egypt",Full TimeOn-siteExperienced · 2 - 3 Yrs of Exp · Creative/Design/Art · Adobe illustrator · Adobe Photoshop · Arts · Design · dreamweaver · Fine Arts · Graphic · Graphic Design · illustrator,Full Time,Not specified,https://wuzzuf.nethttps://wuzzuf.net/jobs/p/jCBNWkhxLXxb-Graphic-Designer-M5ZOON-Cairo-Egypt
Senior Motion Graphic,Confidential -,"Sheraton, Cairo, Egypt",Full TimeOn-siteExperienced · 3 - 5 Yrs of Exp · Creative/Design/Art · IT/Software Development · Marketing/PR/Advertising · Adobe illustrator · Adobe Photoshop · Graphic · Graphic Design · Motion · motion graphic · senior,Full Time,Not specified,https://wuzzuf.nethttps://wuzzuf.net/jobs/p/UFFjX54uvGVb-Senior-Motion-Graphic-Cairo-Egypt
Graphic Designer,Art By Ai Company -,"New Cairo, Cairo, Egypt",Full TimeHybridEntry Level · 1 - 2 Yrs of Exp · Creative/Design/Art · Adobe Photoshop · Graphic · Designer · Design · Adobe illustrator · graphic designer · Graphic Design,Full Time,Not specified,https://wuzzuf.nethttps://wuzzuf.net/jobs/p/mkF6H3eZTvQw-Graphic-Designer-Art-By-Ai-Company-Cairo-Egypt
Graphic Designer,Meadis -,"Heliopolis, Cairo, Egypt",Full TimeOn-siteExperienced · 3 - 5 Yrs of Exp · Marketing/PR/Advertising · Adobe illustrator · Adobe Photoshop · Design · Graphic Design,Full Time,Not specified,https://wuzzuf.nethttps://wuzzuf.net/jobs/p/xraIcGQGe1UP-Graphic-Designer-Meadis-Cairo-Egypt
Graphic Designer,Confidential -,"Agouza, Giza, Egypt",Full TimeOn-siteExperienced · 5 - 8 Yrs of Exp · females_only · Creative/Design/Art · Marketing/PR/Advertising · Adobe illustrator · Graphic · Graphic Design · illustrator · indesign · photoshop · Software · Fine Arts,Full Time,Not specified,https://wuzzuf.nethttps://wuzzuf.net/jobs/p/zq4EJyiISQpH-Graphic-Designer-Giza-Egypt
Interior Designer,SAYYAD Holding  -,"Heliopolis, Cairo, Egypt",Full TimeOn-siteExperienced · 2 - 7 Yrs of Exp · females_only · Engineering - Construction/Civil/Architecture · Creative/Design/Art · Sales/Retail · 3D · 3d max · Architecture · AutoCAD · Design · Interior Design · illustrator,Full Time,Not specified,https://wuzzuf.nethttps://wuzzuf.net/jobs/p/y7xdPNF83TrO-Interior-Designer-SAYYAD-Holding-Cairo-Egypt
Visual Designer,NOK for Human Capital Solutions -,"New Cairo, Cairo, Egypt",Full TimeOn-siteExperienced · 5 - 7 Yrs of Exp · Creative/Design/Art · Adobe illustrator · Adobe Photoshop · Creative · Design · Graphic Design · photoshop · Visual Design,Full Time,Not specified,https://wuzzuf.nethttps://wuzzuf.net/jobs/p/vyIzh0RopNq9-Visual-Designer-NOK-for-Human-Capital-Solutions-Cairo-Egypt
Senior Graphic Designer,BTC-Egypt Gold -,"Heliopolis, Cairo, Egypt",Full TimeOn-siteExperienced · 4 - 7 Yrs of Exp · Creative/Design/Art · Marketing/PR/Advertising · Visual Design · Marketing · 3d max · 3D · Adobe Photoshop · Communication · Creativity · Graphic Design,Full Time,Not specified,https://wuzzuf.nethttps://wuzzuf.net/jobs/p/KugPduclABcl-Senior-Graphic-Designer-BTC-Egypt-Gold-Cairo-Egypt
Architect / Landscape Architect,Land Design -,"Sheikh Zayed, Giza, Egypt",Full TimeOn-siteExperienced · 3 - 5 Yrs of Exp · Engineering - Construction/Civil/Architecture · Creative/Design/Art · AutoCAD · Adobe Photoshop · Adobe Illustrator · Architecture · Engineering · Google SketchUp · Lumion · Landscape,Full Time,Not specified,https://wuzzuf.nethttps://wuzzuf.net/jobs/p/j3sEb4IwHVou-Architect-Landscape-Architect-Land-Design-Giza-Egypt
Multimedia Designer,Trufla -,"Heliopolis, Cairo, Egypt",Full TimeHybridExperienced · 3+ Yrs of Exp · Creative/Design/Art · Marketing/PR/Advertising · Media/Journalism/Publishing · Graphic Design · Design · Social Media · Marketing · Communication · Graphic · English,Full Time,Not specified,https://wuzzuf.nethttps://wuzzuf.net/jobs/p/yvP1zflwCuGT-Multimedia-Designer-Trufla-Cairo-Egypt
Senior Graphic Designer & Video Editor,NIG -,"New Cairo, Cairo, Egypt",Full TimeOn-siteExperienced · 4 - 6 Yrs of Exp · Creative/Design/Art · Marketing/PR/Advertising · Media/Journalism/Publishing · Adobe illustrator · Adobe Photoshop · Editing · Design · Graphic · Graphic Design · illustrator,Full Time,Not specified,https://wuzzuf.nethttps://wuzzuf.net/jobs/p/PftgEogIAQgr-Senior-Graphic-Designer-Video-Editor-NIG-Cairo-Egypt
Senior Architecture Engineer,Unity design and Construction Company -,"Sheikh Zayed, Giza, Egypt",Full TimeOn-siteExperienced · 10 - 15 Yrs of Exp · Engineering - Construction/Civil/Architecture · AutoCAD · Adobe Indesign · Design · Architecture · Engineering · Adobe Photoshop · Adobe Illustrator · 3ds Max · Revit,Full Time,Not specified,https://wuzzuf.nethttps://wuzzuf.net/jobs/p/6picmybAIErn-Senior-Architecture-Engineer-Unity-design-and-Construction-Company-Giza-Egypt
Creative Manager,Credence -,"Hurghada, Red Sea, Egypt",Full TimeOn-siteManager · 4 - 8 Yrs of Exp · Creative/Design/Art · Marketing/PR/Advertising · Art · Creative · Graphic · Graphic Design · Design · photoshop · Social Media · illustrator,Full Time,Not specified,https://wuzzuf.nethttps://wuzzuf.net/jobs/p/xCaVhemmemST-Creative-Manager-Credence-Red-Sea-Egypt
Video Editor,BL Fashion and Personal Supplies  -,"New Cairo, Cairo, Egypt",Full TimeOn-siteExperienced · 3 - 10 Yrs of Exp · females_only · Marketing/PR/Advertising · Adobe Photoshop · Creative · After Effects · Design · Editing · Graphic Design · illustrator · media · Motion Graphics,Full Time,Not specified,https://wuzzuf.nethttps://wuzzuf.net/jobs/p/JkHR6PJQjdCE-Video-Editor-BL-Fashion-and-Personal-Supplies-Cairo-Egypt
Junior Landscape Architect,Land Design -,"Sheikh Zayed, Giza, Egypt",Full TimeOn-siteEntry Level · 0 - 2 Yrs of Exp · Engineering - Construction/Civil/Architecture · Creative/Design/Art · AutoCAD · Adobe Photoshop · Adobe Illustrator · Architecture · Engineering · Google SketchUp · Lumion · Landscape,Full Time,Not specified,https://wuzzuf.nethttps://wuzzuf.net/jobs/p/786RDyXmxh62-Junior-Landscape-Architect-Land-Design-Giza-Egypt
Graphic Designer,Monstel -,"Sheikh Zayed, Giza, Egypt",Full TimeOn-siteExperienced · 3 - 5 Yrs of Exp · Manufacturing/Production · Medical/Healthcare · Pharmaceutical · Graphic Design · Adobe illustrator · Adobe Photoshop · Product · Packaging,Full Time,Not specified,https://wuzzuf.nethttps://wuzzuf.net/jobs/p/iy1uG1JM6SYv-Graphic-Designer-MERCARE-Giza-Egypt
Graphic Designer,JAC -,"Badr City, Cairo, Egypt",Full TimeOn-siteExperienced · 5 - 7 Yrs of Exp · Creative/Design/Art · Adobe illustrator · Adobe Photoshop · Design · Graphic Design,Full Time,Not specified,https://wuzzuf.nethttps://wuzzuf.net/jobs/p/CCDuDBSWRBaZ-Graphic-Designer-JAC-Cairo-Egypt
Graphic Designer,Confidential -,"Cairo, Egypt",Full TimeRemoteExperienced · 3 - 10 Yrs of Exp · Creative/Design/Art · Design · Graphic · Creative · Adobe Photoshop · Adobe illustrator · Graphic Design · illustrator · photoshop · Social Media,Full Time,Not specified,https://wuzzuf.nethttps://wuzzuf.net/jobs/p/D8nQEx8slCL7-Graphic-Designer-Cairo-Egypt
Senior Graphic Designer,RUSHBRUSH INC -,"Cairo, Egypt",Full TimeOn-siteExperienced · 3 - 5 Yrs of Exp · Creative/Design/Art · Marketing/PR/Advertising · Graphic Design · adobe · photoshop · Adobe illustrator · Adobe Photoshop · illustrator · Graphic · Design,Full Time,Not specified,https://wuzzuf.nethttps://wuzzuf.net/jobs/p/W6MgeCjB7tJN-Senior-Graphic-Designer-RUSHBRUSH-INC-Cairo-Egypt
Graphic Designer Female,Havana's Secret -,"6th of October, Giza, Egypt",Full TimePart TimeOn-siteEntry Level · 0 - 1 Yrs of Exp · females_only · Creative/Design/Art · Management · Microsoft · Microsoft Office · Communication · Administration · Communication skills · office · Skills · Admin,Full Time,Not specified,https://wuzzuf.nethttps://wuzzuf.net/jobs/p/8kwwQrtHRecy-Graphic-Designer-Female-Havanas-Secret-Giza-Egypt
3D Animator Graphic Designer,Mico World Limited -,"Maadi, Cairo, Egypt",Full TimeOn-siteEntry Level · 1 - 2 Yrs of Exp · Creative/Design/Art · Adobe illustrator · 3D · Adobe Photoshop · After Effects · Cinema 4D · Animation · Design · Fine Arts · Creative,Full Time,Not specified,https://wuzzuf.nethttps://wuzzuf.net/jobs/p/km2WT1pnHjAg-3D-Animator-Graphic-Designer-Mico-World-Limited-Cairo-Egypt
Senior Creative Graphic Designer,Confidential -,"Sheikh Zayed, Giza, Egypt",Full TimeOn-siteExperienced · 2 - 5 Yrs of Exp · Creative/Design/Art · Marketing/PR/Advertising · Adobe illustrator · Creativity · Design · Graphic Design · illustrator · photoshop · Graphic,Full Time,Not specified,https://wuzzuf.nethttps://wuzzuf.net/jobs/p/sPoZaIRilr9o-Senior-Creative-Graphic-Designer-Giza-Egypt
Graphic Designer,NAB -,"Sheikh Zayed, Giza, Egypt",Full TimeOn-siteExperienced · 3 - 5 Yrs of Exp · females_only · Creative/Design/Art · Adobe illustrator · Arts · Adobe Photoshop · indesign,Full Time,Not specified,https://wuzzuf.nethttps://wuzzuf.net/jobs/p/vWFHU2ZfAoqE-Graphic-Designer-NAB-Giza-Egypt
Graphic Designer,Grease Horizon -,"Alexandria, Egypt",Full TimeOn-siteExperienced · 3 - 7 Yrs of Exp · females_only · Creative/Design/Art · Adobe illustrator · Adobe Photoshop · Graphic · Graphic Design · Arts · photoshop · illustrator · indesign · Fine Arts,Full Time,Not specified,https://wuzzuf.nethttps://wuzzuf.net/jobs/p/tkTMV1SoJA7G-Graphic-Designer-Grease-Horizon-Alexandria-Egypt
Senior Graphic Designer,Store Garden -,"Cairo, Egypt",Full TimeOn-siteSenior Management · 4 - 6 Yrs of Exp · females_only · Creative/Design/Art · Media/Journalism/Publishing · Adobe Photoshop · Adobe illustrator · Arts · Graphic · Graphic Design · graphic designer · Motion Graphics · Video Editing,Full Time,Not specified,https://wuzzuf.nethttps://wuzzuf.net/jobs/p/uXWoltG1tj9t-Senior-Graphic-Designer-Kawader-Store-Cairo-Egypt
Social Media Designer,ABC Display Systems -,"Nozha, Cairo, Egypt",Full TimeOn-siteEntry Level · 2 - 4 Yrs of Exp · Other · Adobe Photoshop · Adobe illustrator · Aftereffect,Full Time,Not specified,https://wuzzuf.nethttps://wuzzuf.net/jobs/p/OaQpufH5FQYq-Social-Media-Designer-ABC-Display-Systems-Cairo-Egypt
Senior Graphic Designer,AFFSQUARE -,"Sheraton, Cairo, Egypt",Full TimeOn-siteExperienced · 3 - 5 Yrs of Exp · Creative/Design/Art · Marketing/PR/Advertising · Media/Journalism/Publishing · Graphic · Graphic Design · illustrator · photoshop · Adobe Creative Suite · Adobe Photoshop · Creative,Full Time,Not specified,https://wuzzuf.nethttps://wuzzuf.net/jobs/p/6psv9CpLyidx-Senior-Graphic-Designer-AFFSQUARE-Cairo-Egypt
3D Designer,Touch Media International -,"Nasr City, Cairo, Egypt",Full TimeOn-siteExperienced · 7 - 10 Yrs of Exp · Creative/Design/Art · Marketing/PR/Advertising · 3d max · illustrator · AutoCAD · Advertising · Creative · Design · 3D · photoshop,Full Time,Not specified,https://wuzzuf.nethttps://wuzzuf.net/jobs/p/uE1J1dcysWzp-3D-Designer-Touch-Media-International-Cairo-Egypt
Multimedia Designer,Healthy & Tasty -,"Maadi, Cairo, Egypt",Full TimeOn-siteExperienced · 2 - 4 Yrs of Exp · Creative/Design/Art · Marketing/PR/Advertising · Media/Journalism/Publishing · Adobe illustrator · Adobe Photoshop · Design · Designer · Fine Arts · Graphic Design · Training,Full Time,Not specified,https://wuzzuf.nethttps://wuzzuf.net/jobs/p/cua2Hd0x0YyS-Multimedia-Designer-Healthy-Tasty-Cairo-Egypt
Graphic Designer,Carina Wear -,"New Cairo, Cairo, Egypt",Full TimeOn-siteEntry Level · 1+ Yrs of Exp · Creative/Design/Art · Fashion · Adobe Photoshop · Graphic Design · Graphic · Design · Creative · photoshop · Adobe illustrator · Adobe Creative Suite,Full Time,Not specified,https://wuzzuf.nethttps://wuzzuf.net/jobs/p/WiUYdYf7hauR-Graphic-Designer-Carina-Wear-Cairo-Egypt
Graphic Designer,Confidential -,"Cairo, Egypt",Full TimeOn-siteExperienced · 2 - 3 Yrs of Exp · Creative/Design/Art · Marketing/PR/Advertising · Design · Adobe illustrator · Adobe Photoshop · Graphic Design · media,Full Time,Not specified,https://wuzzuf.nethttps://wuzzuf.net/jobs/p/CwkHCJS7PsE1-Graphic-Designer-Cairo-Egypt
Fashion Designer,Sotra kids clothes -,"Cairo, Egypt",Full TimeOn-siteExperienced · 3 - 10 Yrs of Exp · Creative/Design/Art · Fashion · Adobe Photoshop · Adobe illustrator · Fashion · Designer · Arts · Design · excel · Fine Arts,Full Time,Not specified,https://wuzzuf.nethttps://wuzzuf.net/jobs/p/BcR7CODLA0Jk-Fashion-Designer-Sotra-kids-clothes-Cairo-Egypt
Graphic and Book Designer Specialist,Mishkat Nour -,"Nasr City, Cairo, Egypt",Full TimePart TimeOn-siteSenior Management · 4 - 6 Yrs of Exp · Creative/Design/Art · Marketing/PR/Advertising · Media/Journalism/Publishing · Adobe Indesign · Adobe illustrator · Marketing · Graphic Design · Design · Creative · Social Media,Full Time,Not specified,https://wuzzuf.nethttps://wuzzuf.net/jobs/p/8DDAcmVAZr4T-Graphic-and-Book-Designer-Specialist-Mishkat-Nour-Cairo-Egypt
Graphic Designer,MJ hear egy  -,"Bolkly, Alexandria, Egypt",Full TimeOn-siteSenior Management · 3 - 5 Yrs of Exp · Creative/Design/Art · Marketing/PR/Advertising · Media/Journalism/Publishing · graphic designer · Designer · Adobe illustrator · Adobe Photoshop,Full Time,Not specified,https://wuzzuf.nethttps://wuzzuf.net/jobs/p/62lNO4aP8aT9-Graphic-Designer-MJ-hear-egy-Alexandria-Egypt
Senior UI/UX Designer,qTech.  -,"Mansoura, Dakahlia, Egypt",Full TimeOn-siteExperienced · 3+ Yrs of Exp · Creative/Design/Art · IT/Software Development · Engineering - Telecom/Technology · UI/UX · UI/UX Design · Design · UI Design · Photoshop · Information Technology (IT) · Computer Science,Full Time,Not specified,https://wuzzuf.nethttps://wuzzuf.net/jobs/p/XlzdvYZipSvV-Senior-UIUX-Designer-qTech-Dakahlia-Egypt
Interior Designer,Z Concept -,"Cairo, Egypt",Full TimeOn-siteExperienced · 3 - 10 Yrs of Exp · Engineering - Construction/Civil/Architecture · Creative/Design/Art · AutoCAD · Interior · Interior Design · 3d max · 3D · Architecture · Design · Furniture,Full Time,Not specified,https://wuzzuf.nethttps://wuzzuf.net/jobs/p/MusbhjfJcSo2-Interior-Designer-Z-Concept-Cairo-Egypt
3D Designer Teamleader,Selah ElTelmeez For Publishing & printing -,"Obour City, Cairo, Egypt",Full TimeShift BasedOn-siteExperienced · 5 - 7 Yrs of Exp · Creative/Design/Art · Marketing/PR/Advertising · 3d designer · 3D · Adobe Photoshop · Design · Designer · 3ds Max · Applied Arts · illustrator,Full Time,Not specified,https://wuzzuf.nethttps://wuzzuf.net/jobs/p/rluuK9KgboB7-3D-Designer-Teamleader-Selah-ElTelmeez-For-Publishing-printing-Cairo-Egypt
Social Media Moderator,OPPO Egypt  -,"Nasr City, Cairo, Egypt",Full TimeOn-siteExperienced · 1 - 3 Yrs of Exp · Writing/Editorial · Marketing/PR/Advertising · Media/Journalism/Publishing · Media · Social Media · Communication · google · Content · E-marketing · Marketing,Full Time,Not specified,https://wuzzuf.nethttps://wuzzuf.net/jobs/p/aQrMnuz1Uuw1-Social-Media-Moderator-OPPO-Egypt-Cairo-Egypt
UI UX Designer - FaainexPlatform,Finiex Soft  -,"Fleming, Alexandria, Egypt",Full TimeOn-siteEntry Level · 2 - 5 Yrs of Exp · Creative/Design/Art · IT/Software Development · adobe · Adobe illustrator · Design · illustrator · UI/UX · Information Technology (IT) · Adobe XD,Full Time,Not specified,https://wuzzuf.nethttps://wuzzuf.net/jobs/p/LxlrXsu3kxkg-UI-UX-Designer---FaainexPlatform-Finiex-Soft-Alexandria-Egypt
Graphic Designer,Trustgraphic -,"Downtown, Cairo, Egypt",Full TimeOn-siteExperienced · 2 - 3 Yrs of Exp · Creative/Design/Art · Graphic Design · Printing · Design · Adobe illustrator · Adobe Photoshop · Communication · Graphic · Graphic Designing · illustrator,Full Time,Not specified,https://wuzzuf.nethttps://wuzzuf.net/jobs/p/6xirtr5Kn6IR-Graphic-Designer-Trustgraphic-Cairo-Egypt
Graphic Designer,PET for Packaging   -,"10th of Ramadan City, Sharqia, Egypt",Full TimeOn-siteExperienced · 3 - 6 Yrs of Exp · Creative/Design/Art · Graphic Designing · photoshop · illustrator,Full Time,Not specified,https://wuzzuf.nethttps://wuzzuf.net/jobs/p/AZkjDomGUYyW-Graphic-Designer-PET-for-Packaging-Sharqia-Egypt
Graphic Designer,EEC Group -,"Sheraton, Cairo, Egypt",Full TimeOn-siteExperienced · 3 - 5 Yrs of Exp · Creative/Design/Art · Marketing/PR/Advertising · Media/Journalism/Publishing · Adobe illustrator · Adobe Photoshop · Design · Graphic · Graphic Design · graphic designer · Designer,Full Time,Not specified,https://wuzzuf.nethttps://wuzzuf.net/jobs/p/0e1Na24tkSdk-Graphic-Designer-EEC-Group-Cairo-Egypt
UI UX Designer,Abadnet -,"Ain Shams, Cairo, Egypt",Full TimeOn-siteExperienced · 2 - 10 Yrs of Exp · Creative/Design/Art · IT/Software Development · Engineering - Telecom/Technology · ui · UX · Web · Designer · Design · Analysis · adobe,Full Time,Not specified,https://wuzzuf.nethttps://wuzzuf.net/jobs/p/qLsfcDkS37SQ-UI-UX-Designer-Abadnet-Cairo-Egypt
Art Director,Galipette Agency -,"Heliopolis, Cairo, Egypt",Full TimeOn-siteSenior Management · 5 - 15 Yrs of Exp · Creative/Design/Art · Marketing/PR/Advertising · Media/Journalism/Publishing · Adobe illustrator · Adobe Photoshop · art director · Art · Design · Director · Graphic Design,Full Time,Not specified,https://wuzzuf.nethttps://wuzzuf.net/jobs/p/QhOnDhQnLZjI-Art-Director-Galipette-Agency-Cairo-Egypt
Designer (Motion and Graphic),ERP-Bank -,"Sidi Gaber, Alexandria, Egypt",Full TimePart TimeOn-siteExperienced · 2 - 5 Yrs of Exp · Business Development · Creative/Design/Art · IT/Software Development · 3d max · Adobe illustrator · Communication skills · Digital Marketing · Design · 3D · Graphic Design,Full Time,Not specified,https://wuzzuf.nethttps://wuzzuf.net/jobs/p/sNlexDM4CBp0-Designer-Motion-and-Graphic-ERP-Bank-Alexandria-Egypt
Senior Graphic Designer,o2 Media Group -,"Dokki, Giza, Egypt",Full TimeOn-siteExperienced · 4 - 6 Yrs of Exp · Creative/Design/Art · Adobe illustrator · Adobe Photoshop · graphic designer · illustrator · Marketing,Full Time,Not specified,https://wuzzuf.nethttps://wuzzuf.net/jobs/p/kJwXwe6a6cyA-Senior-Graphic-Designer-o2-Media-Group-Giza-Egypt
Senior Motion Graphic Designer,Ebtikar IT -,"Maadi, Cairo, Egypt",Full TimeOn-siteExperienced · 5 - 10 Yrs of Exp · Creative/Design/Art · Marketing/PR/Advertising · Adobe illustrator · Adobe Photoshop · Cinema 4D · Creative · Fine Arts · Graphic · Graphic Design · Design,Full Time,Not specified,https://wuzzuf.nethttps://wuzzuf.net/jobs/p/YmDg9g1pj77n-Senior-Motion-Graphic-Designer-Ebtikar-IT-Cairo-Egypt
Senior Graphic Designer,Marmonil Marble & Granite -,"Nasr City, Cairo, Egypt",Full TimeOn-siteExperienced · 4 - 6 Yrs of Exp · Creative/Design/Art · Adobe illustrator · Adobe Photoshop · Creativity · Graphic · Design · Graphic Design · Portfolio · Layout · Skills,Full Time,Not specified,https://wuzzuf.nethttps://wuzzuf.net/jobs/p/59ZSn78jyrXl-Senior-Graphic-Designer-Marmonil-Marble-Granite-Cairo-Egypt
Graphic Designer,Gamma pack for printing and packaging  -,"6th of October, Giza, Egypt",Full TimeOn-siteExperienced · 3 - 5 Yrs of Exp · Creative/Design/Art · Adobe illustrator · Design · Graphic Design · Creative,Full Time,Not specified,https://wuzzuf.nethttps://wuzzuf.net/jobs/p/96QOCRt3bkNe-Graphic-Designer-Gamma-pack-for-printing-and-packaging-Giza-Egypt
Marketing Specialist,Apexos Group -,"Sheraton, Cairo, Egypt",Full TimeOn-siteExperienced · 2 - 5 Yrs of Exp · Creative/Design/Art · Marketing/PR/Advertising · Adobe illustrator · Design · Adobe Photoshop · Digital Marketing · Graphic Design · Marketing,Full Time,Not specified,https://wuzzuf.nethttps://wuzzuf.net/jobs/p/JQGQb1V8jtCo-Marketing-Specialist-Apexos-Group-Cairo-Egypt
Graphic Designer - Retouch & Artwork,Mazzika Group -,"Dokki, Giza, Egypt",Full TimeOn-siteExperienced · 2 - 3 Yrs of Exp · Creative/Design/Art · Adobe illustrator · Adobe Photoshop · Arts · Communication · Design · Fine Arts · Graphic · Graphic Design · Graphic Designing,Full Time,Not specified,https://wuzzuf.nethttps://wuzzuf.net/jobs/p/NALo4OTVcxYb-Graphic-Designer---Retouch-Artwork-Mazzika-Group-Giza-Egypt
Graphic Designer,SYE English Community -,"Dokki, Giza, Egypt",Full TimeOn-siteExperienced · 2 - 4 Yrs of Exp · Creative/Design/Art · Marketing/PR/Advertising · Adobe Photoshop · Adobe Illustrator · Adobe Indesign · Graphic Design · Design · Creative · Adobe Creative Suite,Full Time,Not specified,https://wuzzuf.nethttps://wuzzuf.net/jobs/p/suWOL76SWhZu-Graphic-Designer-SYE-English-Community-Giza-Egypt
Motion Designer,Essence Adverts -,"Maadi, Cairo, Egypt",Full TimeOn-siteExperienced · 2+ Yrs of Exp · Creative/Design/Art · Marketing/PR/Advertising · Animation · After Effects · Motion Graphics · Adobe illustrator · Adobe Photoshop · Graphic Design · Design · graphics,Full Time,Not specified,https://wuzzuf.nethttps://wuzzuf.net/jobs/p/p92lOVe1CZYy-Motion-Designer-Essence-Adverts-Cairo-Egypt
Graphic Designer,Veexia -,"Heliopolis, Cairo, Egypt",Full TimeOn-siteExperienced · 3 - 5 Yrs of Exp · Creative/Design/Art · Pharmaceutical · Adobe illustrator · Adobe Premiere · After Effects · Adobe Photoshop · Graphic Design · illustrator · Design · Graphic,Full Time,Not specified,https://wuzzuf.nethttps://wuzzuf.net/jobs/p/POK3Uba4ybuZ-Graphic-Designer-Veexia-Cairo-Egypt
Senior 3D Animator,Selah ElTelmeez For Publishing & printing -,"Obour City, Cairo, Egypt",Full TimeOn-siteExperienced · 4 - 7 Yrs of Exp · Creative/Design/Art · Animation · Design · Motion Graphic Design · Applied Arts · Fine Arts · Adobe Premiere · Adobe Photoshop · Adobe Illustrator · Adobe Indesign,Full Time,Not specified,https://wuzzuf.nethttps://wuzzuf.net/jobs/p/odnzGLfvYIcz-Senior-3D-Animator-Selah-ElTelmeez-For-Publishing-printing-Cairo-Egypt
Junior Graphic Designer,GPS -,"Heliopolis, Cairo, Egypt",Full TimeOn-siteExperienced · 1 - 5 Yrs of Exp · Creative/Design/Art · Marketing/PR/Advertising · Adobe Photoshop · Adobe illustrator · illustrator · Graphic Design · photoshop · Graphic Designing,Full Time,Not specified,https://wuzzuf.nethttps://wuzzuf.net/jobs/p/vGRzJlHL6Rur-Junior-Graphic-Designer-GPS-Cairo-Egypt
Graphic designer & Video Editor | Work from Home,Adbreeze -,"Cairo, Egypt",Full TimePart TimeRemoteExperienced · 3 - 10 Yrs of Exp · Creative/Design/Art · Adobe Premiere · Graphic Design · Adobe illustrator · illustrator · Video Editing,Full Time,Not specified,https://wuzzuf.nethttps://wuzzuf.net/jobs/p/51D2Yb6jJKUg-Graphic-designer-Video-Editor-Work-from-Home-Digiminds-Cairo-Egypt
Graphic Designer,Al Aman Misr -,"Giza, Egypt",Full TimeOn-siteEntry Level · 1 - 3 Yrs of Exp · Creative/Design/Art · Media/Journalism/Publishing · Adobe illustrator · Adobe Photoshop · Design · Applied Arts · Arts · Fine Arts · Graphic · Graphic Design,Full Time,Not specified,https://wuzzuf.nethttps://wuzzuf.net/jobs/p/alE1WX0lfKE8-Graphic-Designer-Al-Aman-Misr-Giza-Egypt
Senior Graphic Designer,Start Tech  -,"Giza, Giza, Egypt",Full TimeOn-siteExperienced · 5 - 7 Yrs of Exp · Creative/Design/Art · Marketing/PR/Advertising · Media/Journalism/Publishing · Adobe illustrator · Adobe Photoshop · Design Software · Graphic Design · indesign · Motion · photoshop,Full Time,Not specified,https://wuzzuf.nethttps://wuzzuf.net/jobs/p/fwwlNaUgXHva-Senior-Graphic-Designer-Start-Tech-Giza-Egypt
Senior Graphic Designer,Confidential -,"Agouza, Giza, Egypt",Full TimeOn-siteExperienced · 5 - 10 Yrs of Exp · Creative/Design/Art · Marketing/PR/Advertising · Media/Journalism/Publishing · Adobe Creative Suite · Adobe illustrator · Adobe Photoshop · Graphic Design · photoshop · illustrator,Full Time,Not specified,https://wuzzuf.nethttps://wuzzuf.net/jobs/p/D5W7gdQjm193-Senior-Graphic-Designer-Giza-Egypt
Video Editing & Graphic Design Intern ( Graduates only ),Injaz Digital  -,"Heliopolis, Cairo, Egypt",InternshipOn-siteEntry Level · 0 - 1 Yrs of Exp · Creative/Design/Art · Marketing/PR/Advertising · Media/Journalism/Publishing · Adobe illustrator · Adobe Photoshop · Graphic Design · Fine Arts · Design · Communication · Arts,Internship,Not specified,https://wuzzuf.nethttps://wuzzuf.net/internship/eClM21uUrujB-Video-Editing-Graphic-Design-Intern-Graduates-only-Injaz-Digital-Cairo-Egypt
Senior Graphic Designer,Value Development -,"New Cairo, Cairo, Egypt",Full TimeOn-siteExperienced · 3 - 10 Yrs of Exp · Creative/Design/Art · Marketing/PR/Advertising · Media/Journalism/Publishing · Adobe Photoshop · Design · Graphic · Graphic Design · illustrator · photoshop · graphics,Full Time,Not specified,https://wuzzuf.nethttps://wuzzuf.net/jobs/p/z3maGl2bbUw0-Senior-Graphic-Designer-Value-Development-Cairo-Egypt
Graphic Designer,Falcons GT mOTORS   -,"Smart Village, Giza, Egypt",Full TimeOn-siteExperienced · 3 - 10 Yrs of Exp · Creative/Design/Art · Graphic · Graphic Design · Fine Arts · Design · Arts · Adobe Photoshop · Adobe illustrator,Full Time,Not specified,https://wuzzuf.nethttps://wuzzuf.net/jobs/p/nvhox8CuvgGJ-Graphic-Designer-Falcons-GT-mOTORS-Giza-Egypt
Senior Graphic Designer,Good Wood -,"New Cairo, Cairo, Egypt",Full TimeOn-siteExperienced · 3 - 5 Yrs of Exp · Creative/Design/Art · Marketing/PR/Advertising · Media/Journalism/Publishing · Graphic Design · Video Editing · Adobe Photoshop · Adobe illustrator · Arts · Art Director · Graphic,Full Time,Not specified,https://wuzzuf.nethttps://wuzzuf.net/jobs/p/xYtjJDzHzkr0-Senior-Graphic-Designer-Good-Wood-Cairo-Egypt
Graphic Designer,Confidential -,"Hurghada, Red Sea, Egypt",Full TimePart TimeRemoteExperienced · 2+ Yrs of Exp · Creative/Design/Art · Marketing/PR/Advertising · Media/Journalism/Publishing · Adobe illustrator · Adobe Photoshop · Arts · Design · Fine Arts · Graphic · Graphic Design,Full Time,Not specified,https://wuzzuf.nethttps://wuzzuf.net/jobs/p/aFNqoKLbfFtn-Graphic-Designer-Red-Sea-Egypt
Graphic Designer,Soft image AdV -,"Cairo, Egypt",Full TimeOn-siteExperienced · 3 - 10 Yrs of Exp · Creative/Design/Art · Adobe Creative Suite · Adobe illustrator · Adobe Photoshop · Advertising · Creative · Design · Graphic · Graphic Design · illustrator,Full Time,Not specified,https://wuzzuf.nethttps://wuzzuf.net/jobs/p/WqaaKfakdQ0d-Graphic-Designer-Soft-image-AdV-Cairo-Egypt
Graphic Designer,Boshara Perfumes -,"Alexandria, Egypt",Full TimeOn-siteEntry Level · 2 - 3 Yrs of Exp · Creative/Design/Art · Marketing/PR/Advertising · Adobe illustrator · Adobe Photoshop · Communication skills · Graphic · Graphic Design · indesign · photoshop · illustrator,Full Time,Not specified,https://wuzzuf.nethttps://wuzzuf.net/jobs/p/uIAssMJUJzgt-Graphic-Designer-Boshara-Perfumes-Alexandria-Egypt
Interior & Exterior Designer,Aura -,"Sheikh Zayed, Giza, Egypt",Full TimeOn-siteExperienced · 10 - 15 Yrs of Exp · Engineering - Construction/Civil/Architecture · Creative/Design/Art · Architecture · Design · exterior · Interior · Interior Design · AutoCAD · Designer · 3D,Full Time,Not specified,https://wuzzuf.nethttps://wuzzuf.net/jobs/p/12lyMN5JpDrK-Interior-Exterior-Designer-Aura-Giza-Egypt
Graphic Designer,Pancakes Foods -,"6th of October, Giza, Egypt",Full TimeOn-siteExperienced · 2 - 5 Yrs of Exp · Creative/Design/Art · adobe · after effect (AE) · Graphic Design · Design · Creative · Adobe illustrator · Adobe Photoshop · Adobe Creative Suite · Design Software,Full Time,Not specified,https://wuzzuf.nethttps://wuzzuf.net/jobs/p/QoafeCEsg1ib-Graphic-Designer-Pancakes-Foods-Giza-Egypt
UI UX Designer,Awamer Alshabaka _اوامر الشبكه -,"Mansoura, Dakahlia, Egypt",Full TimeOn-siteExperienced · 1 - 3 Yrs of Exp · Creative/Design/Art · IT/Software Development · Communication skills · Computer Science · Design · illustrator · photoshop · Software · UI/UX · Xd,Full Time,Not specified,https://wuzzuf.nethttps://wuzzuf.net/jobs/p/8H0OsM8MvFlT-UI-UX-Designer-Awamer-Alshabaka-اوامر-الشبكه-Dakahlia-Egypt
Graphic Designer,Qawafil For Real Estate Investment -,"New Cairo, Cairo, Egypt",Full TimeOn-siteExperienced · 2 - 3 Yrs of Exp · Creative/Design/Art · Marketing/PR/Advertising · Media/Journalism/Publishing · Graphic Design · grphic · Motion Graphics · 3D Graphics · Visual Arts · Design · Adobe Photoshop,Full Time,Not specified,https://wuzzuf.nethttps://wuzzuf.net/jobs/p/8VwyVLu1aaUj-Graphic-Designer-Qawafil-For-Real-Estate-Investment-Cairo-Egypt
Senior Graphic Designer / Video Editor,Rident Dental Center -,"Nasr City, Cairo, Egypt",Full TimeOn-siteExperienced · 4 - 8 Yrs of Exp · Creative/Design/Art · Marketing/PR/Advertising · Media/Journalism/Publishing · Creative · Adobe illustrator · Design · Adobe Photoshop · Graphic Design · Graphic · indesign,Full Time,Not specified,https://wuzzuf.nethttps://wuzzuf.net/jobs/p/XqTHH6SEd2Ra-Senior-Graphic-Designer-Video-Editor-Rident-Dental-Center-Cairo-Egypt
Art Director,Soft image AdV -,"Cairo, Egypt",Full TimeOn-siteSenior Management · 4 - 10 Yrs of Exp · Creative/Design/Art · Adobe illustrator · Adobe Photoshop · art director · Art · Creative · Design · Director · Graphic Design · illustrator,Full Time,Not specified,https://wuzzuf.nethttps://wuzzuf.net/jobs/p/SmnPFNW32G2U-Art-Director-Soft-image-AdV-Cairo-Egypt
Senior Graphic Designer,Selah ElTelmeez For Publishing & printing -,"Obour City, Cairo, Egypt",Full TimeOn-siteExperienced · 5 - 7 Yrs of Exp · Creative/Design/Art · Graphic Design · Design · photoshop · Adobe Photoshop · indesign · illustrator,Full Time,Not specified,https://wuzzuf.nethttps://wuzzuf.net/jobs/p/ZcFJgTtAuFli-Senior-Graphic-Designer-Selah-ElTelmeez-For-Publishing-printing-Cairo-Egypt
Graphic Designer,Evolution Agency -,"6th of October, Giza, Egypt",Full TimeOn-siteExperienced · 3 - 5 Yrs of Exp · Creative/Design/Art · Marketing/PR/Advertising · Adobe illustrator · Creative · Design · Graphic Design · media · photoshop · indesign · illustrator,Full Time,Not specified,https://wuzzuf.nethttps://wuzzuf.net/jobs/p/BHGyDRYX0kMA-Graphic-Designer-Evolution-Agency-Giza-Egypt
Graphic Designer & Social Media Specialist,Elshahed Group   -,"Mohandessin, Giza, Egypt",Full TimeOn-siteEntry Level · 2 - 4 Yrs of Exp · Creative/Design/Art · Marketing/PR/Advertising · Graphic · Design · Social Media,Full Time,Not specified,https://wuzzuf.nethttps://wuzzuf.net/jobs/p/NMXGuvITCAMY-Graphic-Designer-Social-Media-Specialist-Elshahed-Group-Giza-Egypt
graphic designer,Economic Group  -,"New Cairo, Cairo, Egypt",Full TimeOn-siteExperienced · 2 - 5 Yrs of Exp · Creative/Design/Art · Other · Engineering - Other · Graphic · Fine Arts · Graphic Design · Arts · Design · photoshop · Adobe Photoshop,Full Time,Not specified,https://wuzzuf.nethttps://wuzzuf.net/jobs/p/XqohEA56rVH5-graphic-designer-Economic-Group-Cairo-Egypt
3 D Graphic Design Specialist,Etqaan For Digital Solutions -,"6th of October, Giza, Egypt",Full TimeOn-siteExperienced · 5 - 10 Yrs of Exp · Creative/Design/Art · 3D Graphics · Cinema 4D · Graphic · Design,Full Time,Not specified,https://wuzzuf.nethttps://wuzzuf.net/jobs/p/pLpEYeQqcEr8-3-D-Graphic-Design-Specialist-Etqaan-For-Digital-Solutions-Giza-Egypt
Pattern Maker ( Fashion Retail ),Al-Nasser  -,"6th of October, Giza, Egypt",Full TimeOn-siteExperienced · 5 - 7 Yrs of Exp · Manufacturing/Production · Quality · Fashion Retail · Design Patterns,Full Time,Not specified,https://wuzzuf.nethttps://wuzzuf.net/jobs/p/IbbacTqBHN2S-Pattern-Maker-Fashion-Retail-Al-Nasser-Giza-Egypt
Odoo Implementer,Global Brands -,"New Cairo, Cairo, Egypt",Full TimeHybridExperienced · 2+ Yrs of Exp · IT/Software Development · Information Technology (IT) · Project Management · Odoo · Sales · ERP · Computer Science · ERP Implementation · Communication skills,Full Time,Not specified,https://wuzzuf.nethttps://wuzzuf.net/jobs/p/8Pk8oIsRkK8m-Odoo-Implementer-Global-Brands-Cairo-Egypt
Graphic Designer,Selema Gold -,"Nasr City, Cairo, Egypt",Full TimeOn-siteExperienced · 3 - 5 Yrs of Exp · males_preferred · Creative/Design/Art · Marketing/PR/Advertising · Media/Journalism/Publishing · Arts · Design · Graphic · Graphic Design · photoshop,Full Time,Not specified,https://wuzzuf.nethttps://wuzzuf.net/jobs/p/zfTwRxxS787I-Graphic-Designer-Selema-Gold-Cairo-Egypt
Senior Digital Marketing Specialist,Femex Egypt -,"Sheraton, Cairo, Egypt",Full TimeOn-siteExperienced · 3 - 4 Yrs of Exp · Marketing/PR/Advertising · Copywriting · Digital Marketing · digital marketing · E-Marketing · Marketing · media · photoshop,Full Time,Not specified,https://wuzzuf.nethttps://wuzzuf.net/jobs/p/gpMWTjr1TdRf-Senior-Digital-Marketing-Specialist-Femex-Egypt-Cairo-Egypt
Technical Office Engineer,Al karam marble egypt  -,"Maadi, Cairo, Egypt",Full TimeOn-siteExperienced · 3 - 5 Yrs of Exp · Engineering - Construction/Civil/Architecture · Manufacturing/Production · Project/Program Management · AutoCAD · Architecture · Design · Engineering · Primavera · Revit · Technical Office,Full Time,Not specified,https://wuzzuf.nethttps://wuzzuf.net/jobs/p/DG3OlsSxrCx2-Technical-Office-Engineer-Al-karam-marble-egypt-Cairo-Egypt
Branding Graphic Designer,Seoudi Supermarket -,"Sheikh Zayed, Giza, Egypt",Full TimeOn-siteExperienced · 2 - 4 Yrs of Exp · Creative/Design/Art · Marketing/PR/Advertising · Media/Journalism/Publishing · Graphic Design · media · Graphic · Design,Full Time,Not specified,https://wuzzuf.nethttps://wuzzuf.net/jobs/p/TZrRwBNfuByu-Branding-Graphic-Designer-Seoudi-Supermarket-Giza-Egypt
Graphic Designer,Sun Pyramids Tours -,"Haram, Giza, Egypt",Full TimeOn-siteExperienced · 2 - 3 Yrs of Exp · Creative/Design/Art · Marketing/PR/Advertising · Communication skills · Creative · Graphic · Design,Full Time,Not specified,https://wuzzuf.nethttps://wuzzuf.net/jobs/p/nKRWjedWrUUX-Graphic-Designer-Sun-Pyramids-Tours-Giza-Egypt
Lighting Design Team Leader,Archilight  -,"New Cairo, Cairo, Egypt",Full TimeOn-siteExperienced · 4 - 7 Yrs of Exp · Creative/Design/Art · Design · 3d max · AutoCAD · architectural · DIALux · Engineering · 3D · photoshop · Computer Science,Full Time,Not specified,https://wuzzuf.nethttps://wuzzuf.net/jobs/p/jb6pj7QOw2Md-Lighting-Design-Team-Leader-Archilight-Cairo-Egypt
Design Architect,Amer Vision Group -,"Sheraton, Cairo, Egypt",Full TimeOn-siteEntry Level · 2 - 4 Yrs of Exp · Engineering - Construction/Civil/Architecture · Creative/Design/Art · 3D · 3d max · architectural · Architecture · Architecture Engineering · AutoCAD · Design · Engineering,Full Time,Not specified,https://wuzzuf.nethttps://wuzzuf.net/jobs/p/P7hqJz1VL9sB-Design-Architect-Amer-Vision-Group-Cairo-Egypt
Senior UI Developer,Lumin -,"Sheikh Zayed, Giza, Egypt",Full TimeHybridExperienced · 3 - 5 Yrs of Exp · IT/Software Development · Engineering - Telecom/Technology · Angular · Adobe Photoshop · Bootstrap · Computer Science · CSS3 · Design · HTML5 · Information Technology (IT),Full Time,Not specified,https://wuzzuf.nethttps://wuzzuf.net/jobs/p/5B3mRyq3PqY6-Senior-UI-Developer-Lumin-Giza-Egypt
Graphic Designer,Confidential -,"Cairo, Egypt",Full TimeOn-siteExperienced · 2 - 7 Yrs of Exp · Creative/Design/Art · Marketing/PR/Advertising · Media/Journalism/Publishing · Adobe Photoshop · Graphic · Designer · graphic designer · Graphic Design · Design,Full Time,Not specified,https://wuzzuf.nethttps://wuzzuf.net/jobs/p/qKGj3NqEvxx0-Graphic-Designer-Cairo-Egypt
Junior design Architect,Elgabaly Architects -,"New Cairo, Cairo, Egypt",Full TimeOn-siteEntry Level · 3 - 5 Yrs of Exp · Engineering - Construction/Civil/Architecture · Design · Architecture · Sketchup,Full Time,Not specified,https://wuzzuf.nethttps://wuzzuf.net/jobs/p/YkTZLmuZzmht-Junior-design-Architect-Elgabaly-Architects-Cairo-Egypt
Sr. Video Editor,Confidential -,"Maadi, Cairo, Egypt",Full TimeOn-siteExperienced · 5 - 7 Yrs of Exp · Creative/Design/Art · Marketing/PR/Advertising · adobe · Adobe After Effects · Adobe Premiere · After Effects · Creative · Editing · Video Editing,Full Time,Not specified,https://wuzzuf.nethttps://wuzzuf.net/jobs/p/uipYXfwFNhwm-Sr-Video-Editor-Cairo-Egypt
Senior Odoo Functional Consultant,OdooTec -,"New Cairo, Cairo, Egypt",Full TimeOn-siteExperienced · 2+ Yrs of Exp · IT/Software Development · Strategy/Consulting · Engineering - Telecom/Technology · ERP · Functional Consultant · Implementation · IT · Software · SAP · Odoo,Full Time,Not specified,https://wuzzuf.nethttps://wuzzuf.net/jobs/p/8uYCiUmlieBa-Senior-Odoo-Functional-Consultant-OdooTec-Cairo-Egypt
Marketing Lead,T&D Design -,"New Cairo, Cairo, Egypt",Full TimeOn-siteExperienced · 8 - 10 Yrs of Exp · Marketing/PR/Advertising · Media/Journalism/Publishing · Communication · CRM · Marketing · Negotiation · SEM · SEO · Digital Marketing · Social Media,Full Time,Not specified,https://wuzzuf.nethttps://wuzzuf.net/jobs/p/BvjLCKfOsx6Q-Marketing-Lead-TD-Design-Cairo-Egypt
Marketing Team Leader (Software Company),DotsHub  -,"Cairo, Egypt",Full TimeOn-siteExperienced · 3 - 5 Yrs of Exp · Marketing/PR/Advertising · Media/Journalism/Publishing · Digital Marketing · Marketing · Marketing Campaigns · SEO · Lead Generation · business · Social Media,Full Time,Not specified,https://wuzzuf.nethttps://wuzzuf.net/jobs/p/XvkrW9vByBj8-Marketing-Team-Leader-Software-Company-DotsHub-Cairo-Egypt
Art Director,Seoudi Supermarket -,"Sheikh Zayed, Giza, Egypt",Full TimeOn-siteExperienced · 7 - 8 Yrs of Exp · Creative/Design/Art · Marketing/PR/Advertising · Media/Journalism/Publishing · art director · Marketing,Full Time,Not specified,https://wuzzuf.nethttps://wuzzuf.net/jobs/p/YYI4FmRzjwP5-Art-Director-Seoudi-Supermarket-Giza-Egypt
QHSE Training Library Development,NexGen QHSE Solutions -,"Cairo, Egypt",Freelance / ProjectRemoteExperienced · 10 - 12 Yrs of Exp · Engineering - Construction/Civil/Architecture · Engineering - Oil & Gas/Energy · Training/Instructor · Graphic Design · HSE Management,Freelance / Project,Not specified,https://wuzzuf.nethttps://wuzzuf.net/jobs/p/7V85Ksir4GL1-QHSE-Training-Library-Development-NexGen-QHSE-Solutions-Cairo-Egypt
Web Designer,Falcons GT mOTORS   -,"Smart Village, Giza, Egypt",Full TimeOn-siteExperienced · 3 - 5 Yrs of Exp · Creative/Design/Art · IT/Software Development · Computer Science · Development · Graphic Design · Information Technology (IT) · Web Design · Web Development · Agile · HTML,Full Time,Not specified,https://wuzzuf.nethttps://wuzzuf.net/jobs/p/Mnu5vojHU3xp-Web-Designer-Falcons-GT-mOTORS-Giza-Egypt
Odoo Implementer,Smart Window -,"New Cairo, Cairo, Egypt",Full TimeOn-siteExperienced · 3 - 3 Yrs of Exp · IT/Software Development · Engineering - Telecom/Technology · Odoo · ERP systems · ERP Implementation · Implementation · Project Management,Full Time,Not specified,https://wuzzuf.nethttps://wuzzuf.net/jobs/p/ME4FztQBG5dA-Odoo-Implementer-Smart-Window-Cairo-Egypt
Interior Designer,WORX Kitchen & Dressing  -,"New Cairo, Cairo, Egypt",Full TimeOn-siteExperienced · 0 - 3 Yrs of Exp · Engineering - Construction/Civil/Architecture · Creative/Design/Art · Kitchen · Lighting · Interior Design · Sketchup · Design · AutoCAD · Architecture,Full Time,Not specified,https://wuzzuf.nethttps://wuzzuf.net/jobs/p/rnmK0NesImiR-Interior-Designer-WORX-Kitchen-Dressing-Cairo-Egypt
Graphic Designer,Healthy -,"Nasr City, Cairo, Egypt",Full TimeOn-siteExperienced · 5 - 10 Yrs of Exp · Creative/Design/Art · Marketing/PR/Advertising · Media/Journalism/Publishing · Adobe Photoshop · Graphic · Designer · Design · Graphic Design · graphic designer,Full Time,Not specified,https://wuzzuf.nethttps://wuzzuf.net/jobs/p/zdxuJld4eQ0l-Graphic-Designer-Healthy-Cairo-Egypt
Interior And Exterior Designer,Amer Vision Group -,"Sheraton, Cairo, Egypt",Full TimeOn-siteEntry Level · 1 - 3 Yrs of Exp · Engineering - Construction/Civil/Architecture · Creative/Design/Art · 3D · 3d max · Applied Arts · Architecture · Architecture Engineering · Arts · AutoCAD · Creative,Full Time,Not specified,https://wuzzuf.nethttps://wuzzuf.net/jobs/p/50TNVlqo3w8b-Interior-And-Exterior-Designer-Amer-Vision-Group-Cairo-Egypt
Technical Designer ( Fashion retail ),Al-Nasser  -,"6th of October, Giza, Egypt",Full TimeOn-siteExperienced · 3 - 5 Yrs of Exp · Creative/Design/Art · Fashion · Design · Applied Arts · Fashion · Arts · technical,Full Time,Not specified,https://wuzzuf.nethttps://wuzzuf.net/jobs/p/SBwmTYAPvpNf-Technical-Designer-Fashion-retail-Al-Nasser-Giza-Egypt
Content Creator,BTC-Egypt Gold -,"Heliopolis, Cairo, Egypt",Full TimeOn-siteExperienced · 3 - 5 Yrs of Exp · Marketing/PR/Advertising · Media/Journalism/Publishing · Content · content creator · copywriter · Editing · journalism · Marketing · Social Media · media,Full Time,Not specified,https://wuzzuf.nethttps://wuzzuf.net/jobs/p/9U6cwRe0T1eB-Content-Creator-BTC-Egypt-Gold-Cairo-Egypt
Graphic Designer / video editor,Samy tours -,"Nasr City, Cairo, Egypt",Freelance / ProjectHybridEntry Level · 0 - 3 Yrs of Exp · Creative/Design/Art · graphic designer · Video Editing · Video Editor · Design · Graphic · Adobe Photoshop · Graphic Design · video · editor,Freelance / Project,Not specified,https://wuzzuf.nethttps://wuzzuf.net/jobs/p/wXRd4jKKdolS-Graphic-Designer-video-editor-Samy-tours-Cairo-Egypt
Data Allocation Specialist / Data Entry,Selah ElTelmeez For Publishing & printing -,"Obour City, Cairo, Egypt",Full TimeOn-siteEntry Level · 0 - 1 Yrs of Exp · Administration · Analyst/Research · Writing · Editing · Typing · Data Entry · Microsoft Office · Administration · Typing Skills · English,Full Time,Not specified,https://wuzzuf.nethttps://wuzzuf.net/jobs/p/hgZaAHfnr1db-Data-Allocation-Specialist-Data-Entry-Selah-ElTelmeez-For-Publishing-printing-Cairo-Egypt
Technical Office Engineer,Confidential -,"New Cairo, Cairo, Egypt",Full TimeOn-siteExperienced · 3 - 7 Yrs of Exp · Engineering - Construction/Civil/Architecture · 3d max · 3D · AutoCAD · Computer Science · Engineering · Information Technology (IT) · photoshop · Revit · Projects,Full Time,Not specified,https://wuzzuf.nethttps://wuzzuf.net/jobs/p/mB9bncrGoeQi-Technical-Office-Engineer-Cairo-Egypt
Lead – Direct Corporate,Allianz -,"New Cairo, Cairo, Egypt",Full TimeOn-siteExperienced · 3 - 5 Yrs of Exp · Business Development · Corporate Sales · Sales · sales skills,Full Time,Not specified,https://wuzzuf.nethttps://wuzzuf.net/jobs/p/TGYjaPLheIh0-Lead-–-Direct-Corporate-Allianz-Cairo-Egypt
Content Creator,jmi -,"Mohandessin, Giza, Egypt",Full TimeOn-siteExperienced · 2 - 5 Yrs of Exp · Marketing/PR/Advertising · Content · content creator · copywriter · English · Marketing · Social Media,Full Time,Not specified,https://wuzzuf.nethttps://wuzzuf.net/jobs/p/FmjCvx61IKTu-Content-Creator-jmi-Giza-Egypt
Senior Content Creator,First logo agency   -,"Dokki, Giza, Egypt",Full TimeOn-siteExperienced · 4 - 10 Yrs of Exp · Creative/Design/Art · Marketing/PR/Advertising · Content · content creator · Creator · Marketing · Social Media · media · Writing · Content Management,Full Time,Not specified,https://wuzzuf.nethttps://wuzzuf.net/jobs/p/JY6B3ieOF3SY-Senior-Content-Creator-First-logo-agency-Giza-Egypt
Senior Content Creator,Confidential -,"Nasr City, Cairo, Egypt",Full TimeOn-siteExperienced · 1 - 3 Yrs of Exp · Writing/Editorial · Marketing/PR/Advertising · Media/Journalism/Publishing · content creator · Content · Creator · Marketing · media · Social Media · Content Management,Full Time,Not specified,https://wuzzuf.nethttps://wuzzuf.net/jobs/p/MUJye2F9VP6l-Senior-Content-Creator-Cairo-Egypt
Content Creator,Horeca Star -,"New Cairo, Cairo, Egypt",Full TimeOn-siteExperienced · 2 - 4 Yrs of Exp · Writing/Editorial · Marketing/PR/Advertising · Media/Journalism/Publishing · Copywriting · Copywriter · Content · Media · Writing · Marketing · Storyboards,Full Time,Not specified,https://wuzzuf.nethttps://wuzzuf.net/jobs/p/IxdJe0wpksQA-Content-Creator-Horeca-Star-Cairo-Egypt
Content Moderator,AaloCom -,"Shorouk City, Cairo, Egypt",Full TimeOn-siteEntry Level · 0 - 3 Yrs of Exp · Marketing/PR/Advertising · Media/Journalism/Publishing · Social Media · Content · English · Content Creation · E-Marketing · Marketing · media,Full Time,Not specified,https://wuzzuf.nethttps://wuzzuf.net/jobs/p/FYfnaqhfoJlJ-Content-Moderator-AaloCom-Cairo-Egypt
Program Coordinator - Zagazig,ITIDA -,"Zagazig, Sharqia, Egypt",Full TimeOn-siteExperienced · 3 - 5 Yrs of Exp · Administration · Business Development · Project/Program Management · Program Management · Project Management · Reporting Analysis · Operations Management,Full Time,Not specified,https://wuzzuf.nethttps://wuzzuf.net/jobs/p/Z2m98LCO9qy5-Program-Coordinator---Zagazig-ITIDA-Sharqia-Egypt
Medical Account Manager,Wisely Insure -,"Nasr City, Cairo, Egypt",Full TimeHybridEntry Level · 1 - 2 Yrs of Exp · Operations/Management · Corporate relations · Account Management · Medical Insurance · Corporate and SME · Pharmaceutical Science,Full Time,Not specified,https://wuzzuf.nethttps://wuzzuf.net/jobs/p/lX1eX667XvB9-Medical-Account-Manager-Wisely-Insure-Cairo-Egypt
Content Creator,Wills business  -,"Nasr City, Cairo, Egypt",Full TimeOn-siteExperienced · 3 - 8 Yrs of Exp · Other · content creator · copywriter · Social Media · Marketing · Content,Full Time,Not specified,https://wuzzuf.nethttps://wuzzuf.net/jobs/p/0loBbzpdHPH9-Content-Creator-Wills-business-Cairo-Egypt
Web Designer,Tasees wa esdar -,"Banha, Qalubia, Egypt",Full TimeOn-siteExperienced · 2 - 4 Yrs of Exp · IT/Software Development · Engineering - Telecom/Technology · Web Design · Computer Science · Web Development · WordPress · JavaScript · Scrum · Information Technology (IT) · Agile,Full Time,Not specified,https://wuzzuf.nethttps://wuzzuf.net/jobs/p/V33LMOTdpKjr-Web-Designer-Tasees-wa-esdar-Qalubia-Egypt
Marketing Specialist,Yolo Cosmetics -,"New Nozha, Cairo, Egypt",Full TimeOn-siteExperienced · 1 - 3 Yrs of Exp · Marketing/PR/Advertising · Media/Journalism/Publishing · Online Marketing · Marketing Research · digital marketing · SEO · Social Media · Communication · Customer Service · E-Marketing,Full Time,Not specified,https://wuzzuf.nethttps://wuzzuf.net/jobs/p/fEKOlUsEAmMI-Marketing-Specialist-Yolo-Cosmetics-Cairo-Egypt
Marketing & Graphic designer Specialist,Mansoura Glass Co. -,"10th of Ramadan City, Sharqia, Egypt",Full TimeOn-siteExperienced · 2 - 6 Yrs of Exp · Marketing/PR/Advertising · Graphic Design · Marketing · Communication · Creative · Editing · Social Media · Design · Photography · E-Commerce,Full Time,Not specified,https://wuzzuf.nethttps://wuzzuf.net/jobs/p/7abtM05rRv6A-Marketing-Graphic-designer-Specialist-Mansoura-Glass-Co-Sharqia-Egypt
Junior Business Analyst,JRM for Communications -,"Nasr City, Cairo, Egypt",Full TimeHybridEntry Level · 1 - 2 Yrs of Exp · IT/Software Development · Analyst/Research · Engineering - Telecom/Technology · Business Analysis · Analysis · Information Technology (IT) · Software Development · English · Business Administration · Computer Science,Full Time,Not specified,https://wuzzuf.nethttps://wuzzuf.net/jobs/p/WAvsBCln1JQr-Junior-Business-Analyst-JRM-for-Communications-Cairo-Egypt
Graphic Designer & Motion,Confidential -,"Nasr City, Cairo, Egypt",Full TimeOn-siteExperienced · 3 - 5 Yrs of Exp · Creative/Design/Art · Marketing/PR/Advertising · Media/Journalism/Publishing · Design · Graphic Design · Motion Graphics · Adobe Photoshop,Full Time,Not specified,https://wuzzuf.nethttps://wuzzuf.net/jobs/p/7IdUaEGNEt7l-Graphic-Designer-Motion-Cairo-Egypt
UI UX designer,Netlinq -,"Cairo, Egypt",Full TimeFreelance / ProjectRemoteEntry Level · 0 - 2 Yrs of Exp · Creative/Design/Art · IT/Software Development · Engineering - Telecom/Technology · UI · UX · Computer Science · CSS · Design · Information Technology (IT) · UI Design,Full Time,Not specified,https://wuzzuf.nethttps://wuzzuf.net/jobs/p/JKzQLWhO9p61-UI-UX-designer-Netlinq-Cairo-Egypt
Graphic Designer and Video Editor,Blue Nile Boat Maadi  -,"Maadi, Cairo, Egypt",Full TimeFreelance / ProjectShift BasedHybridExperienced · 3 - 10 Yrs of Exp · Creative/Design/Art · Marketing/PR/Advertising · Media/Journalism/Publishing · Fine Arts · Graphic Design · Graphic · photoshop · Video Editing,Full Time,Not specified,https://wuzzuf.nethttps://wuzzuf.net/jobs/p/vUIYWbTPKQZS-Graphic-Designer-and-Video-Editor-Blue-Nile-Boat-Maadi-Cairo-Egypt
Content creator,Winners Developer -,"Glim, Alexandria, Egypt",Full TimePart TimeFreelance / ProjectOn-siteExperienced · 3 - 7 Yrs of Exp · Writing/Editorial · Marketing/PR/Advertising · Media/Journalism/Publishing · Content · content creator · Content Management · copywriter · Editing · journalism · Marketing,Full Time,Not specified,https://wuzzuf.nethttps://wuzzuf.net/jobs/p/e3UoGyzejxEC-Content-creator-Winners-Developer-Alexandria-Egypt
Content Writer,BL Fashion and Personal Supplies  -,"New Cairo, Cairo, Egypt",Full TimeOn-siteExperienced · 3 - 10 Yrs of Exp · females_only · Marketing/PR/Advertising · Content · Content Management · Content Writer · copywriter · Editing · English · Marketing · media · Research,Full Time,Not specified,https://wuzzuf.nethttps://wuzzuf.net/jobs/p/MiCBm45xQk2u-Content-Writer-BL-Fashion-and-Personal-Supplies-Cairo-Egypt
UI UX Designer,PACK ‘N’ MOVE LOGISTICS  -,"Cairo, Egypt",Full TimeOn-siteExperienced · 3 - 5 Yrs of Exp · Creative/Design/Art · IT/Software Development · Design · HTML · JavaScript · Software · ui · UI/UX · UX Design · UX,Full Time,Not specified,https://wuzzuf.nethttps://wuzzuf.net/jobs/p/bJBQd7PKgVoV-UI-UX-Designer-PACK-‘N’-MOVE-LOGISTICS-Cairo-Egypt
Content Creator,PTC for Contracting and Engineering Services -,"Heliopolis, Cairo, Egypt",Full TimeOn-siteEntry Level · 1 - 4 Yrs of Exp · Marketing/PR/Advertising · Media/Journalism/Publishing · content creator · Social Media,Full Time,Not specified,https://wuzzuf.nethttps://wuzzuf.net/jobs/p/rUK3bB2umiXw-Content-Creator-PTC-for-Contracting-and-Engineering-Services-Cairo-Egypt
Content Creator,Miss Leleian -,"Obour City, Cairo, Egypt",Full TimePart TimeFreelance / ProjectHybridExperienced · 1 - 3 Yrs of Exp · Marketing/PR/Advertising · Fashion · Content Creation · Content · creation · Creative · Fashion · instagram · Marketing · media,Full Time,Not specified,https://wuzzuf.nethttps://wuzzuf.net/jobs/p/609MmPzWvsKs-Content-Creator-Miss-Leleian-Cairo-Egypt
Content Creator,Tasees wa esdar -,"Banha, Qalubia, Egypt",Full TimeOn-siteExperienced · 2 - 4 Yrs of Exp · Marketing/PR/Advertising · content creator · Content Management · Content · Social Media · Marketing · copywriter · Editing · English · media,Full Time,Not specified,https://wuzzuf.nethttps://wuzzuf.net/jobs/p/cNn0rTMS1EUh-Content-Creator-Tasees-wa-esdar-Qalubia-Egypt
Graphic Designer,Dentolize -,"New Cairo, Cairo, Egypt",Full TimeOn-siteEntry Level · 1 - 2 Yrs of Exp · Creative/Design/Art · Marketing/PR/Advertising · Media/Journalism/Publishing · Adobe Photoshop · indesign · photoshop,Full Time,Not specified,https://wuzzuf.nethttps://wuzzuf.net/jobs/p/jBiAW2x5JUyL-Graphic-Designer-Dentolize-Cairo-Egypt
Content Creator,Empire Jewellery -,"Cairo, Egypt",Full TimeOn-siteEntry Level · 1 - 3 Yrs of Exp · females_only · Writing/Editorial · Marketing/PR/Advertising · Media/Journalism/Publishing · content creator · Social Media · media · Writing · Marketing · Creator · Content,Full Time,Not specified,https://wuzzuf.nethttps://wuzzuf.net/jobs/p/qsJDWtOprY2O-Content-Creator-Empire-Jewellery-Cairo-Egypt
Multimedia Specialist,AGCO -,"New Cairo, Cairo, Egypt",Full TimeOn-siteExperienced · 4 - 6 Yrs of Exp · Marketing/PR/Advertising · Market Research · Marketing · Multimedia · Social Media · Online Marketing · Digital Marketing · Internet Marketing · Web Marketing · Marketing Online,Full Time,Not specified,https://wuzzuf.nethttps://wuzzuf.net/jobs/p/nu4q1zkqB0bf-Multimedia-Specialist-AGCO-Cairo-Egypt
Senior UI UX Designer,Taaly -,"Amsterdam, Netherlands",Full TimeRemoteExperienced · 5+ Yrs of Exp · Creative/Design/Art · IT/Software Development · Engineering - Telecom/Technology · UI/UX · Design · figma · HTML · HCI,Full Time,Not specified,https://wuzzuf.nethttps://wuzzuf.net/jobs/p/ERMykRTCjPDp-Senior-UI-UX-Designer-Taaly-Amsterdam-Netherlands
Marketing & Artwork Specialist,Cashcall -,"Maadi, Cairo, Egypt",Full TimeHybridEntry Level · 1 - 3 Yrs of Exp · Creative/Design/Art · Marketing/PR/Advertising · cashcall · marketing · Graphic Design,Full Time,Not specified,https://wuzzuf.nethttps://wuzzuf.net/jobs/p/4FRoLPswKVAe-Marketing-Artwork-Specialist-Cashcall-Cairo-Egypt
Senior Analyst/Investment Banking,Intercap Capital  -,"Dokki, Giza, Egypt",Full TimeOn-siteExperienced · 1 - 3 Yrs of Exp · Accounting/Finance · Analyst/Research · Analysis · Research · Accounting · Finance · Financial Analysis · Microsoft Office · Data Collection · Financial Reports,Full Time,Not specified,https://wuzzuf.nethttps://wuzzuf.net/jobs/p/oa7roMMM4DuZ-Senior-AnalystInvestment-Banking-Intercap-Capital-Giza-Egypt
Odoo Functional Consultant,Byte-Tech -,"Cairo, Egypt",Full TimeRemoteExperienced · 2 - 5 Yrs of Exp · Accounting/Finance · Strategy/Consulting · Accounting · ERP · ERP Implementation · Functional · Implementation · Odoo · business · Functional consultant,Full Time,Not specified,https://wuzzuf.nethttps://wuzzuf.net/jobs/p/wuH1W3bj5eKq-Odoo-Functional-Consultant-Byte-Tech-Cairo-Egypt
Senior UI UX,Objects -,"Alexandria, Egypt",Full TimeHybridExperienced · 3+ Yrs of Exp · IT/Software Development · Information Technology (IT) · Figma · UI · UX · Design · InVision · Wireframe,Full Time,Not specified,https://wuzzuf.nethttps://wuzzuf.net/jobs/p/ZUIXwtZm9tfo-Senior-UI-UX-Objects-Alexandria-Egypt
Interior And Exterior Designer,Lavita Developments  -,"Nasr City, Cairo, Egypt",Full TimeOn-siteExperienced · 4 - 7 Yrs of Exp · Engineering - Construction/Civil/Architecture · Creative/Design/Art · 3D · Architecture · AutoCAD · Interior Design · Lighting · Interior · Furniture · Design,Full Time,Not specified,https://wuzzuf.nethttps://wuzzuf.net/jobs/p/vCgFbEdiQwzo-Interior-And-Exterior-Designer-Lavita-Developments-Cairo-Egypt
Website Designer & Developer,Mediboost -,"Cairo, Egypt",Full TimeRemoteExperienced · 3 - 4 Yrs of Exp · IT/Software Development · Marketing/PR/Advertising · Design · developer · Remote · website · Computer Science · CSS · Git · HTML,Full Time,Not specified,https://wuzzuf.nethttps://wuzzuf.net/jobs/p/R8wYTBQQnnly-Website-Designer-Developer-Mediboost-Cairo-Egypt
Graphic Designer Section Head,Blue Bell  -,"Bourj Alarab, Alexandria, Egypt",Full TimeOn-siteManager · 5 - 8 Yrs of Exp · Creative/Design/Art · Graphic · Design · Artwork,Full Time,Not specified,https://wuzzuf.nethttps://wuzzuf.net/jobs/p/hHO2ha9uLkmF-Graphic-Designer-Section-Head-Blue-Bell-Alexandria-Egypt
MarCom Manager,Confidential -,"10th of Ramadan City, Cairo, Egypt",Full TimeOn-siteManager · 5 - 10 Yrs of Exp · Marketing/PR/Advertising · Media/Journalism/Publishing · Marketing · Marketing Communication · Marcom · Retail,Full Time,Not specified,https://wuzzuf.nethttps://wuzzuf.net/jobs/p/H3GCR2HuhYgF-MarCom-Manager-Cairo-Egypt
Graphic Designer,Riva Group  -,"Obour City, Cairo, Egypt",Full TimeOn-siteExperienced · 2+ Yrs of Exp · Creative/Design/Art · Fashion · Adobe Photoshop · Graphic Design · Printing · Design · photoshop,Full Time,Not specified,https://wuzzuf.nethttps://wuzzuf.net/jobs/p/p8LTRJ23pxYc-Graphic-Designer-Riva-Group-Cairo-Egypt
Art Teacher,Eastlands International School -,"Shorouk City, Cairo, Egypt",Full TimeOn-siteExperienced · 3 - 15 Yrs of Exp · Education/Teaching · Teaching · Art,Full Time,Not specified,https://wuzzuf.nethttps://wuzzuf.net/jobs/p/H7sGSgfd9bmq-Art-Teacher-Eastlands-International-School-Cairo-Egypt
Senior Media Buyer,Awamer Alshabaka _اوامر الشبكه -,"Mansoura, Dakahlia, Egypt",Full TimeOn-siteExperienced · 1 - 3 Yrs of Exp · Marketing/PR/Advertising · Media/Journalism/Publishing · Communication skills · Computer Science · Digital Marketing · Management · Marketing · media · Skills · Social Media,Full Time,Not specified,https://wuzzuf.nethttps://wuzzuf.net/jobs/p/NdtBkVIRdUSg-Senior-Media-Buyer-Awamer-Alshabaka-اوامر-الشبكه-Dakahlia-Egypt
Senior Designer,jobz -,"Dubai, United Arab Emirates",Full TimeOn-siteEntry Level · 1 - 5 Yrs of Exp · Creative/Design/Art · Graphic · indesign · Information Technology (IT) · Design · graphic designer · Visual Arts,Full Time,Not specified,https://wuzzuf.nethttps://wuzzuf.net/jobs/p/4pJZsWinz2wC-Senior-Designer-jobz-Dubai-United-Arab-Emirates
Senior Business Analyst,Al Ateeq Software -,"Heliopolis, Cairo, Egypt",Full TimeOn-siteExperienced · 3 - 5 Yrs of Exp · IT/Software Development · Analyst/Research · Business Development · Information Technology (IT) · Analyst · Business Analysis · Management · English · Computer Science · business,Full Time,Not specified,https://wuzzuf.nethttps://wuzzuf.net/jobs/p/paZjZF5I4DGL-Senior-Business-Analyst-Al-Ateeq-Software-Cairo-Egypt
Content Creator,Hashem Group -,"New Cairo, Cairo, Egypt",Full TimeOn-siteEntry Level · 1 - 5 Yrs of Exp · Writing/Editorial · Marketing/PR/Advertising · Content · Content Creation · Editing · Marketing · media · photoshop · Social Media · creation,Full Time,Not specified,https://wuzzuf.nethttps://wuzzuf.net/jobs/p/woV4c149qDLr-Content-Creator-Hashem-Group-Cairo-Egypt
2D GRAPHIC DESIGNER,Touch Media International -,"Heliopolis, Cairo, Egypt",Full TimeOn-siteExperienced · 1 - 3 Yrs of Exp · Creative/Design/Art · Marketing/PR/Advertising · Graphic Design · Design · graphics · Creative,Full Time,Not specified,https://wuzzuf.nethttps://wuzzuf.net/jobs/p/4X5h7kpVZjge-2D-GRAPHIC-DESIGNER-Touch-Media-International-Cairo-Egypt
Project Associate JOB,Department of Culture and Tourism – Abu Dhabi (DCT Abu Dhabi) -,"Dubai, United Arab Emirates",Full TimeEntry Level · IT/Software Development · Project/Program Management · Engineering - Telecom/Technology · Project Management · PMP · Information Technology (IT) · Computer Science · Engineering · Software Engineering · Risk Management,Full Time,Not specified,https://wuzzuf.nethttps://wuzzuf.net/jobs/p/g/iN1hICtiu83J-Project-Associate-JOB-Department-of-Culture-and-Tourism-–-Abu-Dhabi-DCT-Abu-Dhabi-Dubai-United-Arab-Emirates
